sku,product,remaining_units
DRAS01-CRRR,\[Renew\] 345 Relief Cream 50ml,571800
BODP04-M,\[EN\]\[4ea\] Bio-Collagen Real Deep Mask 4ea,311580
DRAS01-M100,345 Relief Cream Mist 100ml,243680
MECUP10-PKR,COLLAGEN NIGHT WRAPPING MASK 75ml,200000
SESALOHS02-CCPTR,(Renew) Milky Piggy Collagen Ceramide Coating Protein Treatment 100ml,187843
MECUS13-A,PDRN PINK PEPTIDE SERUM 30ML,183920
cosP01-mpatch,Acne Pimple Master 24 patches,177000
MECUS08-TP,ZERO PORE PAD 2.0 (70pcs),174400
CMXS09-VB,THE -A Retinal Shot Tightening Booster 15ml,120840
MECUP07-ML,(1EA) COLLAGEN LIFTING MASK 27g,113200
MECUP13-M4,PDRN PINK COLLAGEN GEL MASK 4ea,111310
BODP04-MHS,Hydro Cera-nol Real Deep Mask 1Box (34g\*4ea),110380
DRAS01-CASR,\[Renew\] 147 Barrier Cream 50ml,103435
MECUS13-CCR,\[RENEW\] PDRN PINK COLLAGEN CAPSULE CREAM 55g,100000
SMO01-Bag02,MOIDA Shopping Bag Small(FREE),96000
BODP04-MS,Refreshing Sea Kelp Real Deep Mask 1Box (34g\*4ea),94280
S1004SM01-HEOTC,(OTC) Madagascar Centella Hyalu-Cica Water-Fit Sun Serum UV 50ml,90000
MECUS09-C,DEEP VITA C CAPSULE CREAM 55g,84070
MECUP07-MZ,(1EA) ZERO PORE COOLING MASK 27g,77200
IDCS01-EPSE,(Target) STARLIT KITTEN BRIGHTENING HYDROGEL EYE PATCH\_SINGLE,72430
MECUS10-CG50,COLLAGEN JELLY CREAM 50ml,70200
MECUP14-M4,KOJIC ACID TURMERIC BRIGHTENING GEL MASK 4ea,67620
MECUS10-C,TRIPLE COLLAGEN CREAM 4.0 50ml,67440
AXS04-SD,Dark Spot Correcting Glow Serum 50ml,66455
DRAS01-SCR,\[Renew\] Vitamin C Boosting Serum 30ml,65420
MECUS13-I,PDRN PINK PEPTIDE EYE CREAM 30ml,63774
MECUC08-F,ZERO FOAM CLEANSER 120g,63575
ANS10-SPDRN,PDRN Hyaluronic Acid Capsule 100 Serum 30ml,61372
RLSM04-Sotcm,BIRCH JUICE MOISTURIZING UVLOCK\_10ml,61000
ANC01-OCR,HEARTLEAF PORE CONTROL CLEANSING OIL 200ml,59896
S1004C01-OC,Madagascar Centella Light Cleansing OIl 200ml,59120
BODP04-MRC,REJUVENATING CAVIAR PDRN REAL DEEP MASK 4EA,55680
MECUS13-TP,PDRN PINK COLLAGEN TONING GEL TONER PAD 70ea,55420
ANS10-SR,\[RENEW\] NIACINAMIDE10% + TXA 4% SERUM 30mL,54300
SESALOHS17-HMR,(Renew) CER-100 Collagen Coating Hair A+ Muscle Spray 250ml,54008
MECUP07-MP,(1EA) DEEP PEPTIDE RADIANCE MASK 27ml,54000
ANC01-FQRRR,\[RENEW\] HEARTLEAF QUERCETINOL CLEANSING FOAM 150ml,52840
TKBSM05-StickOTC,(OTC) COTTON AIRY SUN STICK,50540
RLSM04-Sotc,(OTC) BIRCH JUICE MOISTURIZING UVLOCK SUN 50ml,50370
MECUP14-PKR,\[Renew\]KOJIC ACID TURMERIC NIGHT WRAPPING MASK 75ML 2.0,49800
MECUP13-MP,PDRN PINK VITA COATING MASK 1EA,48800
MECUS05-GAR,\[RENEW\] AGE-R GLUTATHIONE GLOW SERUM 30g,48000
MECUS15-SR,\[Renew\] NIACINAMAIDE TRANEXAMIC ACID SERUM 30ml,48000
S1004S01-A,Madagascar Centella Ampoule 100ml,47400
AbibP20-Meye,COLLAGEN EYE PATCH JERICHO ROSE JELLY 60pcs,45208
RLC01-CLRR,(Renewal) 1025 DOKDO CLEANSER\_150ml,43770
MECUC14-F,KOJIC ACID TURMERIC TONING CLEANSER 120g,43480
MECUS08-TPM,ZERO PORE PAD MILD (70pcs),43285
MECUS15-C,TXA NIACINAMAIDE CAPSULE CREAM 55g,42770
DRAC02-CCB,Pure Grinding Cleansing Balm 50ml,42100
cosC05-Gelr,Low pH Good Morning Gel Cleanser 150mL,42077
MECUS13-SB,PDRN PINK COLLAGEN VOLUME MULTI BALM 10g,41740
MECUS13-BS,PDRN PINK COLLAGEN BUBBLE SERUM 95ml,41660
MECUS10-SR,TRIPLE COLLAGEN SERUM 4.0 55ml,41352
MECUS09-S,DEEP VITA A RETINOL SERUM 30ml,41311
MECUS14-S,KOJIC ACID TURMERIC NIACINAMIDE SERUM 30ML,41000
MECUS05-GC,AGE-R GLUTATHIONE GLOW CAPSULE CREAM 50ml,40900
MECUBS14-BW,KOJIC ACID TURMERIC VITA BRIGHTENING BODY WASH 400ml,40560
RLS01-TenR,(Renewal) 1025 DOKDO TONER\_200ml,40500
MECUP08-PK,ZERO PORE BLACKHEAD MUD MASK 100g,40418
MECUP09-M1,\[1EA\] DEEP VITA C GLUTATHIONE BRIGHTENING MASK,40160
RLS04-CMR,\*Renewal Birch Juice Moisturizing Cream 80ml,40000
SMO01-Bag01,MOIDA Shopping Bag Big(FREE),40000
DRAC02-CCBPR,\[renew\]Pore Refresh Grinding Cleansing Balm 50ml,39200
MECUS08-A7500,ONE DAY EXOSOME SHOT PORE AMPOULE 7500 30ml,39000
MECUS14-MS,KOJIC ACID TERMERIC VITA JELLY MIST SERUM 100ml,38000
MECUS13-TN,PDRN PINK NIACINAMAIDE MILKY TONER 150ml,37540
DRAS01-M60,345 Relief Cream Mist 60ml,37040
S1004C01-balm,Madagascar Centella Poremizing Quick Clay Stick Mask 27g,36160
S1004C01-AF,Madagascar Centella Ampoule Foam 125ml,36000
KAJCM13-PPgwpb,JUICY GLASS LIP GLOSS MINI PEAR TINI GWP,35000
ANS10-SAZ,Azelaic Acid 10 Hyaluron Redness Soothing Serum 30ml,34902
MECUS13-AE2000,PDRN PINK EXOSOME SHOT SERUM 2000 30ml,34300
MECUS6-S,HYALURONIC MULTI PEPTIDE SERUM 30ml,34040
MECUS13-T,PDRN PINK CICA SOOTHING TONER\_250ml,34000
MECUS6-C,HYALURONIC MOISTURIZING CAPSULE CREAM 55g,33735
MECUS10-CG,COLLAGEN JELLY CREAM 110ml,33560
MECUP13-CPK,PDRN PINK CAFFEINE NIGHT WRAPPING MASK 75ML,33400
MECUC08-FC,ZERO PORE CLEARING CAPSULE CLEANSING FOAM 120g,32700
MECUS13-GEL,PDRN BOOSTER GEL 300ML,32620
SESALOHS02-HER,(Renew) Collagen Coating Hair A+ Muscle Essence (CER-100 ) 150ml,32400
MECUC13-FPN,PDRN PINK NIACINEAMIDE WHIP CLEANSER 120g,32360
cosS02-Cr,Advanced Snail 92 All in one cream 100g,32040
MECUS14-TP,KOJIC ACID TURMERIC PAD 70pcs,31150
ANP06-PKRW,\[Worldwide\] \[1EA\] PEACH NIACIN SERUM MASK 25ml,31120
MECUS13-S,\[10EA\] PDRN PINK ONE DAY SERUM,30880
AXS04-Seye,Vegan Collagen Eye Serum 10ml,30800
MECUS13-MS,PDRN PINK COLLAGEN GLOW JELLY MIST SERUM 100ml,30520
SESALOHS17-SPR,(Renew) Collagen Coating Hair Muscle Shampoo(CER-100) 500ml,30340
MECUS10-TR,\[Renew\]TRIPLE COLLAGEN TONER 4.0 140ml,30320
MECUSM10-SCR,(OTC) Glow Collagen Sunscreen 50ml SPF 50,30300
G9P12-MHA,\[G9\] Self aesthetic Silky hair mask 5P,30150
MECUP13-MPR,PDRN PINK VITA COATING MASK 1EA,30000
MECUP13-MA1,PDRN PINK PEPTIDE SERUM MASK (1EA),30000
IDCHS07-HrfTG,TAP SECRET MATTIFYING DRY SHAMPOO POWDER REFILL Target,29975
BODS06-TPC,Collagen Gel Toner Pads 60Pads,29904
MECUS01-EC,RED ERASING CREAM 2.0 50ML,29600
RLC04-FR,(Renewal) Birch Juice Moisturizing Cleanser 150ml,29400
DRAS01-CR15,345 Repair Cream 15ml,29200
MECUS09-TPR,\[Renew\]DEEP VITA C PAD (70pcs),28700
S1004S01-AM,Madagascar Centella Ampoule 55ml,28000
MECUS13-AE7500,PDRN PINK EXOSOME SHOT SERUM 7500 30ml,27800
ANS10-HPad,PDRN HYALURONIC GLOW PAD 180ml (60EA),27288
MECUS13-CM,PDRN PINK HYALURONIC MOISTURIZING CREAM 50ML,27000
AbibP09-Mlf,\[1ea\] Mild Acidic pH Sheet Mask\_HEARTLEAF FIT,26950
SESALOHS17-RR,(Renew) Collagen Coating Hair Muscle Treatment Rinse (CER-100) 500ml,26350
MECUS05-GTR,AGE-R GLUTATHIONE GLOW TONER 140ml,26220
cosS02-Essence,\[COSRX\] Advanced Snail 96 Mucin Power Essence 100ml,26040
MECUS08-SR,\[RENEW\] ZERO PORE ONE DAY PEPTIDE SERUM 30ml,25620
IDCHS07-HCTG,TAP SECRET 7g Target,25435
IDCP08-PKW,"COLLAGEN PEEL-OFF MASK, BRUSH & HEADBAND SET",25375
DRAS01-CRrj,"Reju 5000 Cream 20g (PDRN 5,000ppm)",25230
DRAC02-FG,Green Relief Amino Gel Cleanser 100ml,25200
S1004S01-AC,Madagascar Centella Tone Brightening Capsule Ampoule 100ml,25150
DRAS01-CRA,Aqua Marine Watery Cream 50ml,24780
AbibSM10-OTC,Airy Sunstick - smoothing bar 23g (OTC ver.),24760
ANS06-SR,\[RENEW\] PEACH 70% NIACINAMIDE SERUM 30ml,24300
BODP04-MV,Radiant Vita Niacinamide Real Deep Mask 1Box (34g\*4ea),24000
DRAS01-SR15,345 Relief Serum 15ml,24000
MECUS14-T,KOJIC ACID TURMERIC RESURFACING TONER 250ML,23820
MECUS19-SR,AZELAIC ACID 16 BB CALMING SERUM 30ml,22380
SESALOHS02-ShairR,(Renew) Milky Piggy Collagen Coating Protein Ion Injection 50ml,22100
MECUS08-S2.0R,ZERO PORE SERUM 2.0 37ml,21700
MECUC19-F,AZELAIC ACID NIACINAMIDE DEEP CLEAN FOAM CLEANSER 120g,21500
MECUP10-PKM,COLLAGEN MILK TONING WRAPPING MASK 75ml,21360
MECUS13-JS,PDRN COLLAGEN GLOW JELLY SERUM 30ml,21080
AXS04-SDs,(Sample) Dark Spot Correcting Glow Serum 1.5ml,21000
MECUS08-OIL,ZERO PORE BLACKHEAD DEEP CLEANSING OIL 205ml,20760
DRAS01-GS,Gentle Vitamin C Serum 30ml,20680
AbibSM10-STotc,(OTC ver.) Quick Sunstick Protection Bar SPF50+ PA++++ 22g,20539
PTFP03-FPM,\[Petitfee\] Dry Essence Foot pack 2sheets,20480
HMCM1-DSSM,\*renewal\* Dailism Smudge Stop Mascara Curling Black,20400
PRS07-GELR,\*Renewal Oat-in Calming Gel Cream 100ml,20175
RLC01-CPRR,(Renewal) 1025 DOKDO CLEANSING TISSUE\_30ea,20040
RLC01-OCR,(Renewal) Dokdo Cleansing Oil 200ml,20010
DRAS01-CASs,147 Barrier Cream 2ml,20000
DRAS01-CRRs,345 Relief Cream 2ml,20000
MECUP13-ML,PDRN PINK LIFT UP MASK (4EA),20000
MECUC14-FG,KOJIC ACID TURMERIC GEL TO FOAM CLEANSER 500ml,20000
MECUC19-FC,AZELAIC ACID CAPSULE CLEANSING FOAM 120g,20000
EnoS15-M,Collagen 3x Moisture Mist 100ml,19980
MECUP13-PK,PDRN LIP SLEEPING MASK,19000
RLS04-CM20,Birch Juice Moisturizing Cream 20ml,19000
IDCHS07-HBR,TAP SECRET MATTIFYING DRY SHAMPOO POWDER\_BROWN V2,18975
IDCHS07-HDR,TAP SECRET MATTIFYING DRY SHAMPOO POWDER\_DARK BROWN V2,18935
MECUC13-F,PDRN HYDRATING GEL CLEANSER 200ml,18480
MECUS08-A2000,ONE DAY EXOSOME SHOT PORE AMPOULE 2000 30ml,18395
PRS04-CREU,Mighty Bamboo Panthenol Cream 100ml,18390
IDCS08-BBGWP,BACK TO BASICS MASK\_UNWIND\_GWP,18300
CMXS09-VS,THE VITA-A Retinol Shot Tightening Serum 30ml,18120
ANS01-T250R,\[RENEW\] HEARTLEAF 77 SOOTHING TONER 250m,18080
MECUS6-CG,HYALURONIC CERAMIDE JELLY CREAM 50ml,18000
MECUS14-IS,KOJIC ACID TURMERIC VITA EYE GEL SERUM 30ml,18000
IDCHS07-HR,TAP SECRET MATTIFYING DRY SHAMPOO POWDER\_BLACK V2,17735
MECUS20-SR,RETINOL NMN BOOSTING SERUM 30ml,17500
MECUS13-CCm,(Sample)PDRN PINK COLLAGEN CAPSULE CREAM 4.5g,17459
S1004P01-MC,\[1ea\] Madagascar Centella Poremizing Clarifying Mask 23ml,17200
IDCP14-MM,(1EA)BACK TO BASICS MASK MORNING DEW 20ml,17124
MECUS08-C2.0,ZERO PORE CREAM 2.0 50ml,17060
VTP21-M100,\[1EA\] REEDLE SHOT 100 2-STEP MASK,17000
IDCP15-MDGWP,BACK TO BASICS MASK\_MORNING DEW\_GWP,17000
DRMS01-IR,CALCIUM DARK SPOT EYE CREAM 15G,16904
MECUS21-S,EGF NAD FIRMING SERUM 30ml,16500
MECUS15-S,TXA NIACINAMAIDE 15 SERUM 30ml,16320
MECUS10-SG,COLLAGEN GLOW BOOSTER SERUM 15ml,16300
ISNSM01-SCO,(OTC) HYALURONIC ACID DAILY SUN GEL \_50ml,16100
IDCMA05-HBC,COW HEADBAND,16084
IDCHS07-HBLR,TAP SECRET MATTIFYING DRY SHAMPOO POWDER\_BLONDE V2,15975
cosS58-SPr,The 6 Peptide Skin Booster Serum 150mL,15950
SESALOHS02-OR,(Renew) Hair Muscle Essence Oil 100ml (CER-100) 100ml,15850
VTP21-M700,\[1EA\] REEDLE SHOT 700 2-STEP MASK,15600
PTFP01-PremiumM,\[Petitfee\] Premium GOLD\&EGF Eye Patch,15552
JSMC02-OCRRUS,\[US\] \[renew\]Radiance Cleansing Balm 100ml,15408
DRAS01-CASR15,\[Renew\] 147 Barrier Cream 15ml,15360
AbibP21-M,\[1ea\] MILD ACIDIC PH SHEET MASK GLUTATHIOSOME FIT 30ml,15300
ALSC01-Fgr,FRESH GREEN RICE MOCHI CLEANSER 120G,15298
KAJCM13-PPgwp,JUICY GLASS LIP GLOSS MINI PEAR-TINI GWP,15060
MECUHS13-S,ROSEYMARY PDRN SCALP SERUM 20ml,15020
RLSM04-otc,(OTC) BIRCH JUICE MOISTURIZING UVLOCK SUN STICK\_19g,15000
RLS07-Aps,(sample) PINE CALMING CICA AMPULE\_2ml,15000
DRAS01-SETTX,345 Travel Set (Mist 60ml+Serum 15ml+Cream 15ml),15000
MECUSM10-SC,Glow Collagen Sunscreen 50ml SPF 50,14990
cumS05-iHbag26,2026 iHerb beauty bag 1,14970
HMCM1-DSSMV,Dailism Smudge Stop mascara Volume Black,14960
SBMP20-MG,Real Glutathione Brightening Care Mask 1ea,14950
S1004S01-AC50,Madagascar Centella Tone Brightening Capsule Ampoule 50ml,14950
MECUBS14-BOPS,KOJIC ACID TURMERIC BODY PEEL SHOT 280ml,14900
DRAS01-SMD,Aqua Marine Deep Serum 30ml,14880
JSMS01-IUS,\[US\] Revive Eye Serum : Ginseng + Retinal 30ml,14760
DRMS01-PATCH,CEMENRETE CALCIUM VOLUME EYE PATCH 60EA,14580
MECUS17-MSR,\[Renew\]Hypochlorous Acid Daily Facial Spray 125ml,14400
IDCP02-PKSTG,SUNDAE SCOOP Target,14330
AbibP02-MMr,\[1ea\] GUMMY SHEET MASK COLLAGEN MILK STICKER (2023),14320
HLSS01-NA20,Niacinamide 20 Serum 40ml,14300
SBMP26-M1,RETINOL INTENSE REACTIVATING MASK 1EA,14120
RLSM04-SCotc,(OTC) BIRCH JUICE MILD-UP UVLOCK\_50ml,13910
ANS11-T250,RICE 70 GLOW MILKY TONER 250ml,13840
MECUS13-Am,(Sample)PDRN PINK PEPTIDE SERUM 5ML,13800
AbibP09-Maqua,\[1ea\] Mild Acidic pH Sheet Mask\_Aqua Fit,13760
MECU05-PROMPP,AGE-R BOOSTER PRO MINI PLUS PINK,13647
MECUS08-C,ZERO PORE ONE DAY CREAM 50ml,13620
DRMS09-AW,PEEL SHOT EXFOLIATING WHITE RICE AMPOULE 80ml,13608
ALSS11-SV,Vitamin C Booster Shot 30ml,13580
ALSS11-SR,Retinal Booster Shot 30ml,13510
BNKP04-MA1R,\[1EA\] The Clean Vegan AHA/BHA Mask,13200
BNKP04-MAL1R,\[1EA\] The Clean Vegan ALOE Mask,13200
BNKP04-MP1R,\[1EA\] The Clean Vegan PEPTIDE Mask,13200
BNKP04-MV1R,\[1EA\] The Clean Vegan VITAMINC Mask,13200
BNKP04-MC1R,\[1EA\] The Clean Vegan CICA Mask,13200
BNKP04-MH1R,\[1EA\] The Clean Vegan HYALURON Mask,13200
SBMP20-MA,Real Aloe Soothing Care Mask 1ea,13200
SBMP20-MHY,Real Hyaluron Hydra Care Mask 1ea,13150
cosS58-PATCH,The Peptide Collagen Hydrogel Eye Patch,13060
RLBS04-HNR,(Renewal) BIRCH JUICE HAND CREAM 30ml,13040
DRAS01-GSR,0.1% Gentle Retinol Serum 30ml,13000
SESALOHS17-HFR,(Renew) CER-100 Collagen Coating Hair A+ Muscle Fixer Spray 150ml,13000
NLS05-As,(Sample) A-Control Azelaic Acid Serum 2ml,13000
SESALOHS02-HERR,(26Renew)Collagen Coating Hair A+ Muscle Essence (CER-100 ) 150ml,13000
MECUS13-PATCHE,PDRN PINK CAFFEINE COLLAGEN EYE PATCH 60pcs,12900
MECU05-PROMBP,AGE-R BOOSTER PRO MINI PLUS BEIGE,12765
RLS01-TRR,(Renewal) 1025 DOKDO TONER\_100ml,12576
SBMBS05-W,AHA.BHA.PHA 30 Days Miracle clear body cleanser 400g,12480
KoeP11-MFM,Rose Petal Foot Mask,12240
DRAP01-CM,345 Cream Mask 4EA,12190
IMMM7-PP,SKIN PILLOW SETTING POWDER,12174
DRASM06-SCGUS,(OTC) Green Tea Calming Sunscreen 50ml SPF 50,12077
SBMP14-Mh01,Hyaluron Moisturizing Glow Luminous Ampoule Mask 1ea,12040
JSMP01-M10US,\[US\] Centella Asiatica Calming Mask(10ea),12000
VTP21-M300,\[1EA\] REEDLE SHOT 300 2-STEP MASK,12000
IDCP08-HB,HYDROGEL MASK SOLUTIONS\_BLURRED OUT,12000
IDCP08-HC,HYDROGEL MASK SOLUTIONS\_COOL OPERATOR,12000
IDCP08-HS,HYDROGEL MASK SOLUTIONS\_SMOOTH BELIEVER,12000
IDCP08-HT,HYDROGEL MASK SOLUTIONS\_THIRST THINGS FIRST,12000
RLS01-CR20,1025 DOKDO CREAM\_20ml,12000
ES55-CS,(Sample) Soon.J. 2x Cream 30ml,12000
RLC07-FR30,PINE CALMING CICA CLEANSER\_30ml,12000
MECUS13-MR,\[RENEW\] PDRN PINK GLUTATHIONE SERUM MIST 100ML,12000
DRMS01-Cb,CEMENRETE CALCIUM VOLUME MULTI BALM 9G,11856
ANS01-EDR,\[RENEW\] HEARTLEAF 70 DAILY LOTION 200ml,11718
GUHS01-SPrr,(GB) Damage Therapy Shampoo EX 500ml,11674
IDCP08-HR,HYDROGEL MASK SOLUTIONS\_THE RICE STUFF,11535
IDCP14-MU,(1EA) BACK TO BASICS MASK UNWIND 20ml,11521
S1004C01-F,Madagascar Centella Poremizing Deep Cleansing Foam 125ml,11500
DRMS09-AB,PEEL SHOT EXFOLIATING BLACK RICE AMPOULE 80ml,11376
TKBS04-TSample,Coconut Clay Cleansing Foam 2ml,11300
ANC12-F,8 HYALURONIC ACID HYDRATING GENTLE FOAMING CLEANSER 150ml,11260
NBP07-M09,(4EA) No.9 NAD Bio Lifting Full Cover Facial Mask (+GWP),11248
DRAS01-CMR,\[RENEW\] MELACLEAR CREAM 20g,11100
MECUS17-S,Hypochlorous Acid Rice Peel Shot 80ml,11000
goodalS06-SR25US,GOODAL GREEN TANGERINE VITA C DARK SPOT CARE SERUM ALPHA,11000
cosP77-Patch,Clear Fit Master Patch(Somadermspot-S) (1ea = 1patch),11000
IMMCM2-CBR,I'M MULTI STICK BLUSHER 001 ROSE,10888
BARBS01-HPR,(Renew) Shea Butter Sleeping Heel Patch (10ea),10860
DRAS01-JM,Aqua Marine Jelly Mist 100ml,10830
ANP10-MPHW,\[Worldwide\] \[1EA\] PDRN HYALURONIC ACID CAPSULE 100 SERUM MASK 23ml,10800
DRAC02-CCBP,Pore Refresh Grinding Cleansing Balm 50ml,10760
BODS06-PATCHC,COLLAGEN PEPTIDE EYE PATCHES (30ea),10740
MECUS14-C,KOJIC ACID TURMERIC VITA CAPSULE CREAM,10700
cosC05-Gel50,Low PH Good Morning Gel Cleanser 50ml,10500
RLS01-CR,(Renewal) 1025 DOKDO CREAM\_80ml,10440
MECUHS23-HM100,VANILLA HAIR BODY FRAGRANCE MIST 100ml,10400
IDCS01-EP,STARLIT KITTEN BRIGHTENING HYDROGEL EYE PATCH (5ea),10382
KSCS01-IEU,(GLOBAL) Eye Cream : Retinal Liposome 4% + Fermented Bean,10380
RLC03-FR,\*Renewal Mugwort CALMING CLEANSER\_150ml,10320
NBS02-T9,No.9 NAD PDRN Glow Boosting Toner 150ml,10145
PRS04-SamsR,\[Sam's club\] Mighty Bamboo Panthenol (Cleanser150ml + Serum 30ml + Cream 100ml),10122
ANP10-MAW,(Worldwide)(1EA) AZELAIC ACID HYALURON REDNESS SOOTHING SERUM MASK 23ml,10080
ANP10-MRW,(Worldwide)(1EA) RETINOL NIACIN NIGHT CARE MASK 24ml,10080
ANP10-MW,(Worldwide)(1EA) NIACINAMIDE TXA SERUM MASK 28ml,10080
ANP12-MW,(Worldwide)(1EA) 8 HYALURONIC ACID CATECHIN COOL SLIM MASK 23ml,10080
SESALOHS02-CCR,(Renew) Collagen Coating Hair A+ Muscle Curl Cream(CER-100 ) 120ml,10075
AbibP09-MJR,\[1ea\] MILD ACIDIC pH SHEET MASK JERICHO ROSE FIT,10060
IMMCM1-LGTP,COLOR KEY RING WATER GEL TINT 04 PLUM PATAL,10010
BNKP04-MG1R,\[1EA\] The Clean Vegan GREENTEA Mask,10000
BNKP04-MT1R,\[1EA\] The Clean Vegan TEATREE Mask,10000
IDCP14-MMR,BACK TO BASICS MASK MORNING DEW,10000
IDCP14-MNR,BACK TO BASICS MASK UP ALL NIGHT,10000
IDCP14-MOR,BACK TO BASICS MASK OLIVE 'BOUT YOU,10000
IDCP14-MTR,BACK TO BASICS MASK TIME WARP,10000
IDCP14-MUR,BACK TO BASICS MASK UNWIND,10000
IDCP14-MZR,BACK TO BASICS MASK IN THE ZONE,10000
RLS04-TR,(Renewal) Birch Juice Moisturizing Toner 300ml,10000
RLC01-CLRps,(sample) 1025 DOKDO CLENSER\_2ml,10000
S1004S01-APC,MADAGASCAR CENTELLA PROBIO-CICA INTENSIVE AMPOULE 50ml,10000
NLS06-AKs,(Sample) B-Boost 1% Kojic Acid Serum 2ml,10000
S1004S01-TM,Madagascar Centella Toning Toner 210ml,10000
DRAS01-CPR,Pure Retinol 0.15% Cream 20g,10000
MECUS08-A25000,ONE DAY EXOSOME SHOT PORE AMPOULE 25000 13ml,10000
MECUP10-PKs,(Sample) COLLAGEN NIGHT WRAPPING MASK 5ml,10000
ALSC01-Fgmb,(NOT FOR SALE) FRESH GREEN RICE MOCHI CLEANSER 3g,10000
MECUS09-PATCH,\[6EA\] DEEP VITA C PATCH,10000
MECUC13-OCM,PDRN MILD CLEANSING OIL 195ml,10000
RLS07-AR10,PINE CALMING CICA AMPULE\_10ml,10000
IDCS03-ASET,ASTRO KITTEN,9990
cosS04-Liquidr,BHA Blackhead Power Liquid 100 mL,9900
IMMCM5-ISP,I'M STICK SHADOW SHIMMER 003 PINK CHARM,9884
IMMCM5-ISW,I'M STICK SHADOW GLITTER 03 WINTER WHITE,9815
ANP10-MPH,\[1EA\] PDRN HYALURON 100 SERUM MASK,9800
TKBS02-SSampler,Bifida Biome Essence 1ml,9800
IMMCM2-CBC,I'M MULTI STICK HIGHLIGHTER\_001 CHAMPAGNE GOLD,9755
IMMCM4-ISMG,MULTI CUBE 04 GLAM ROSE,9728
IMMCM4-ISMS,MULTI CUBE 01 SWEET PINK,9728
IMMCM1-LGTC,COLOR KEY RING WATER GEL TINT 06 MY CHERRY,9719
IMMCM1-LGTR,COLOR KEY RING WATER GEL TINT 03 RED LOVER,9719
AbibP22-eyepatch,PDRN RETINAL EYE PATCH GLOW JELLY 84g(60ea: 30pairs),9656
SBMC05-F,AHA.BHA.PHA 30 Days Miracle Foam 100ml,9640
cosS03-T50,AHA/BHA Clarifying Treatment Toner 50 mL,9600
ANS10-NPad,NIACINAMIDE 5 TXA BRIGHTENING PAD 210ml (60EA),9600
SBMP20-MH,Real Honey Luminous Care Mask 1ea,9560
IMMCM1-LGTPA,COLOR KEY RING WATER GEL TINT 07 PINK ATTACK,9548
KoeP11-MHM,Rose Petal Hand Mask,9460
SBMP20-MT,Real Teatree Calming Care Mask 1ea,9400
AbibS22-Lip,PDRN COLLAGEN LIP MASK GLAZED JELLY 11g,9398
PTFP03-HPM,\[Petitfee\] Dry Essence Hand pack 2sheets,9320
DRAS01-CR,Rapid Firm Sculpting Cream 45ml,9200
NBS01-S2,No.2 Rose PDRN Collagen Plumping Serum 30ml,9200
S1004P01-MHC,\[1ea\] SKIN1004 Madagascar Centella Hyalu-Cica Hydrating Mask 23ml,9200
S1004S01-SET,Madagascar Centella Travel Kit (box version not pouch),9160
DRAS01-SR30,345 Relief Serum 30ml,9080
ANS10-PATCHTA,TRIPLE ACID SPOT CARE MICRODART PATCH 12EA,9072
S1004S01-CCS,Madagascar Centella Soothing Cream 75ml,9040
S1004P01-MG,\[1ea\] Madagascar Centella Tone Brightening Glow Mask 25ml,9000
RLS04-C,BIRCH JUICE MOISTURIZING INTENSIVE CREAM 50ml,9000
JSMP05-PKUS,\[US\] Red Bean Refreshing Pore Mask 140ml,8920
IMMCM1-LGTB,COLOR KEY RING WATER GEL TINT 05 BERRY COMPOTE,8903
MECUBS01-BW,RED ACNE BODY WASH 2.0 400g,8880
AbibS21-S,GLUTATHIOSOME DARK SPOT SERUM VITA DROP 50ml,8800
DRAS01-SABC,ABC Glow Whipped Serum 100ml,8800
MECUS10-Ss,(Sample) TRIPLE COLLAGEN SERUM 4.0 12ml,8780
DRAS01-SMN,15% Niacinamide Purity Serum 30ml,8720
MECUC01-RF,RED FOAM CLEANSER 2020 120ML,8700
DRAC01-FP,Premium Quick Step Sebum Cleanser 100ml,8660
NBS01-ESS09,No.9 NAD Bio Lifting Essence 50ml,8600
IDCP02-PKS,SUNDAE SCOOP,8600
TIRS01-CM,MILK SKIN TONER 150ML,8596
NBS01-S2X,No.2 Rose PDRN Collagen 2X Plumping Serum 30ml,8525
MECUS01-FP,\[70pcs\] RED SUCCINIC ACID PEELING PAD,8520
MECU05-PROXPP,AGE-R BOOSTER PRO X2 PINK,8517
MECUMA16-B,PORE BRUSH,8500
DRMBS09-BP,PEEL SHOT EXFOLIATING KOJIC ACID TURMERIC SPRAY 200ml,8496
SBMP20-MABP,Real Aha Bha Pha Calming Care Mask 1ea,8400
ES55-C60RR,(23AD) SOONJUNG 2x Cream 60ml,8383
MECUMA10-B,JELLY BRUSH,8353
AbibP02-MHr,\[1ea\] GUMMY SHEET MASK HEARTLEAF STICKER (2023),8330
S1004S01-AP,Madagascar Centella Poremizing Fresh Ampoule 100ml,8200
SBMS09-PM,MICRO PIN SPOT PATCH 9PCS,8120
KSCS01-SREU,(GLOBAL) Retinal Liposome 2% + Black Ginseng 30ml,8064
MECUP07-MC,(1EA) SUPER CICA CALMING MASK 22g,8000
ANP07-MR,\[RENEW\] \[1EA\] Vitamin C Blemish Serum Mask 25ml,8000
PTFS28-PATCHM,Centella Clearing Spot Patch (23 Patches),8000
DRACM01-KL,EYE LASH BOOST SERUM 9ml,8000
HRC04-gel,Black Rice Moisture 5.5 Soft Cleansing Gel 100ml,7952
ANS10-APad,AZELAICACID 10 HYALURON REDNESS SOOTHING PAD 230ml (90EA),7896
TKBS01-TSample,AHA BHA Lemon Toner 2ml,7800
MECUS13-CC,PDRN PINK COLLAGEN CAPSULE CREAM 55g,7760
MECUHS13-HC,ROSEMARY PDRN DAMAGE CARE HAIR MASK 200ML,7600
MECUS08-T250,ZERO PORE TONER 250ML,7571
KAJCM1-CD,BEAUTY BENTO 08 CHOCOLATE DAHLIA,7562
ISC01-set,SUPER MELTING SEBUM SOFTENER (COTTON PAD 40pcs) SET,7500
TKBC04-OCs,Calamine pore Control Cleansing Oil 2ml,7500
RLA08-keyringDC,OTTER KEYRING (ROUND LAB DOKDO CLEANSER),7500
SEP03-M4ear,(Renew) Deep Collagen Power Boosting Mask (37g\*4ea),7440
BODS08-MC,COLLAGEN PEPTIDE JELLY SERUM MIST 50ML,7438
MECUS19-T,AZELAIC ACID NIACINAMIDE CLEAR TONER 250ml,7430
EC55-W150rr,Soon Jung Whip Cleanser 150ml (23AD),7429
cosS02-Er,Advanced Snail Peptide Eye Cream 25 mL,7390
MVHS01-WTT,ANNURCATIN Water Treatment(300ml),7312
BODS08-SP,PORE PERFECTING COLLAGEN PEPTIDE SERUM 30ml,7300
AbibS20-I,Collagen eye crème Jericho rose tube 30ml,7260
ANP01-PKMSR,\[RENEW\] \[1EA\] HEARTLEAF 80 MOISTURE SOOTHING AMPOULE MASK 27ml,7200
BODS06-TPCn,Cera-nol Gel Toner Pads 60Pads,7200
SBMP20-MS,Real Skin Barrier Care Mask 1ea,7200
cosS02-PATCH,Advanced Snail Hydrogel Eye Patch (60 patches),7180
ANP01-MCOL,\[4EA\] HEARTLEAF 70 SOOTHING COLLAGEN MASK,7040
DBSWT-MV100,White truffle First Spray Serum 100ml (vegan),7020
MECUS09-CS,DEEP VITA C CAPSULE SERUM 30ML,7000
S1004S01-CH,Madagascar Hyalu-cica Moisture Cream 75ml,7000
TKBS12-IG,\[GL\] Collagen Brightening Eye Gel Cream,7000
RLA08-keyringDT,OTTER KEYRING (ROUND LAB DOKDO TONER),7000
ANS10-PATCHPG,PDRN COLLAGEN MELTING PATCH FOR GLASS SKIN (4EA),7000
MECUC14-FC,KOJIC ACID TURMERIC VITA CAPSULE CLEANSING FOAM 120g,7000
cosS03-T100,AHA/BHA Clarifying Treatment Toner 100 mL,6993
MMS06-IR,(RENEW) Tranexamic Acid+ Glutathion Eye Cream 30ml,6920
BC03-CBMO20r,Clean it Zero Cleansing Balm Original 100ml (2024),6800
S1004S01-CPC,MADAGASCAR CENTELLA PROBIO-CICA ENRICH CREAM 50ml,6800
ANS10-C,3 CERAMIDE PANTHENOL MOISTURE BARRIER CREAM 100ml,6760
KAJCM8-WSLDB,WINK STAMP LONG \#DARK BROWN,6741
VTCM21-Le,REEDLE SHOT LIP PLUMPER EXPERT,6740
KAJCM10-DG,DEWY BAR 06 Grapefruit Gelato,6705
NBS02-IC9,No.9 NAD Retinol Volumetox Eye Cream 10ml,6700
MVHS01-NC,ANNURCATIN NO SEBUM HAIR CREAM 30g,6700
S1004S01-I,MADAGASCAR CENTELLA PROBIO-CICA BAKUCHIOL EYE CREAM 20ML,6600
ISNS01-ACR,HYALURONIC ACID AQUA GEL CREAM 100ML,6600
DRMS02-I,EYEPHALT EYEBAG CREAM 10g,6520
DRAS01-TPM,STRETCHFIT CALMING PAD 50sheets,6500
PTFP01-PTQ10M,Collagen CoQ10 Hydrogel Eye Pacth (60EA),6480
VTP21-Mc100,(1EA) COLLAGEN REEDLE SHOT 100 2STEP HYDROGEL MASK,6400
ANP11-MCOL,\[4EA\] RICE 70 GLOW COLLAGEN MASK,6400
HMC01-balm5mlR,(Mini) All Clean Balm Blister 5ml (cleansing balm),6400
SBMP20-MV,Real Vitamin Brightening Care Mask 1ea,6400
IDCP04-MR,(Renew) 14 DAYS SHEET MASK SET LET'S GET SHEET FACED,6280
S1004S01-TPC,MADAGASCAR CENTELLA PROBIO-CICA ESSNECE TONER 210ml,6280
IDCP09-M,LET'S DO THIS SHEET,6260
S1004S01-CC,Madagascar Centella Cream 75ml,6240
HMSM23-HSC,(OTC) RX Hyaluronic Acid Hydrating Sunscreen,6234
MECUC13-FC,PDRN PINK GLUTATHIONE CAPSULE CLEANSING FOAM 120g,6200
HMS09-REP60,Bulgarian Rose Hydrogel Eye Patch 60ea,6140
ANS01-T40R,\[MINI\] HEARTLEAF 77 SOOTHING TONER 40ml,6120
MECUBS01-BWR,\[RENEW\] RED ACNE BODY WASH 3.0 400ml,6120
ANC01-SCR,\[RENEW\] HEARTLEAF LHA MOISTURE PEELING GEL 120ml,6100
BODS04-TPS,Sea Kelp Gel Toner Pad (60ea),6088
AbibP02-Mvita,\[1ea\] GUMMY SHEET MASK VITA STICKER (2023),6020
S1004S01-CP,Madagascar Centella Poremizing Light Gel Cream 75ml,6000
AbibP02-MMAr,\[1ea\] GUMMY SHEET MASK MADECASSOSIDE STICKER (2023),6000
cosS24-Er,Oil Free Ultra Moisturizing Lotion 100 mL,6000
S1004S01-AF,Madagascar Hyalu-cica First Ampoule 100ml,6000
RLA08-keyringBS,OTTER KEYRING (ROUND LAB BIRCH JUICE SUNSCREEN),6000
HBUS1-As,\[Sachet\] Salmon Caring Centella Ampoule 2.2ml,6000
HBUS1-Cs,\[Sachet\] Salmon Caring Centella Cream 2.2ml,6000
AbibS21-Ssample,(sample) GLUTATHIOSOME DARK SPOT SERUM VITA DROP 1ml,6000
S1004C01-Fgel,Madagascar Centella Tone Brightening Cleansing Gel Foam 125ml,6000
PRSM18-SCR,(OTC) Sun Day Adventure Sunscreen 60ml,6000
ANP11-MW,(Worldwide)(1EA) RICE 70 INTENSIVE MOISTURIZING MILK MASK 25ml,6000
AXS05-CD,Dark Spot Correcting Glow Cream 50ml,5975
BODC07-FC,Collagen Mask To Foam Cleanser 150ml,5936
MECUS13-M,PDRN PINK GLUTATHIONE SERUM MIST 100ML,5920
HMC01-NewBalmR,All Clean balm 120ml (cleansing balm),5920
VTHS26-S100,PDRN REEDLE SHOT HAIR AMPOULE 100dL,5856
KAJCM1-NM,BEAUTY BENTO 14 NEUTRAL MOMENT,5848
ALSC01-Frr,FRESH ROSEHIP RICE MOCHI CLEANSER 120G,5832
VTP21-M,REEDLE ALL-IN-ONE 3 STEP MASK,5810
TKBS03-CSampler,(Pouch Sample) Multi Ceramide Cream 1ml,5800
ANS11-E,RICE 70 INTENSIVE MOISTURIZING MILK 150ml,5800
TIRM10-FIX,MASK FIT MAKE UP FIXER 80ml,5790
CMXS06-TR,(Renew) Dual Barrier Creamy Toner 150ml,5784
BODS03-CP,PORE PERFECTING COLLAGEN PEPTIDE CREAM 50ml,5780
HRS04-T150R,Black Rice Hyaluronic Toner 150ml\_For Sensitive Skin,5760
AXSM06-SCotc,(OTC) Complete No-Stress Physical Sunscreen 50ml,5709
cosS58-Snr,The Niacinamide 15 Serum 20 mL,5680
S1004S01-Itwin,MADAGASCAR CENTELLA PROBIO-CICA BAKUCHIOL EYE CREAM twin pack 20ML\*2,5675
ISMA04-CM,DEEP CLEAN MASTER,5654
VTS24-A,PDRN REEDLE GLOW AMPOULE 100ml,5621
STUMA01-PFTR,\[Renewal\]Pang Pang triangle puff,5600
KAJCM1-CL,BEAUTY BENTO CHAI LATTE HAZE,5583
AbibP09-Mhoney,\[1ea\] Mild Acidic pH Sheet Mask\_Honey Fit,5500
KAJCM1-CB,BEAUTY BENTO CREME BRULEE (Shimmery),5490
PRC07-F,Oat In Gentle Exfoliating Face Cleanser 150ml,5460
TIRM10-FIXW,MASK FIT WATERPROOF SETTING SPRAY 80ml,5460
cosS58-Svrr,Advanced The Vitamin C 23 Serum,5440
ANS10-SNRR,\[RENEW\] RETINOL 0.3 + NIACIN RENEWING SERUM 30m,5400
MECUS19-S2000,AZELAIC ACID EXOSOME SHOT 2000 30ml,5400
DRAP03-MJ,Jelly Seal dewy Mask (28g\*4EA),5400
AbibP11-M4ea,\[4ea\] Collagen gel mask\_Heartleaf jelly,5310
S1004S01-Mr,Madagascar Centella Hyalu-Cica Cloudy Mist 120ml (2024),5300
PTFP10-LMM,Oil Blossom Lip Mask,5280
HRC04-oil,WONDER Black Rice Moisture Deep Cleansing Oil 150ml,5280
MECUHS13-CD,ROSEMARY PDRN HAIR\&SCALP CONDITIONER 250ml,5210
MECUS01-SS,RED SUCCINIC ACID CLARIFYING SERUM 30ml,5200
HMC01-NewBalmM,All Clean balm Mandarin 120ml (cleansing balm),5200
SESALOHS17-SPTR,(Renew) CER-100 Collagen Coating Hair A+ Muscle Helltornado Shampoo 500ml,5200
SBMP20-MSM,Real Super Match Pore Care Mask 1ea,5200
cosS02-K,All About Snail Kit,5175
cosS17-Cr,Hyaluronic Hydra intensive cream 100ml,5160
HBUS1-C,Salmon Caring Centella Cream 100ml,5158
ANS06-T250R,\[RENEW\] PEACH 77 NIACIN ESSENCE TONER 250ml,5120
cosS17-Essencer,Hyaluronic Hydra power essence 100ml,5040
MECU05-BCHP,AGE-R BOOSTER CLEANSER HEAD (PINK),5039
RLS01-LR,\*Renewal 1025 DOKDO LOTION\_200ml,5010
ALSC01-Fgmm,FRESH GREEN RICE MOCHI CLEANSER 15g,5001
DRAS01-CRRm,345 Relief Cream 10ml,5000
CMXS08-C,Pore+Dark Spot Brightening Cream 35ml,5000
HMCM1-DSSMBB,Dailism Smudge Stop Mascara Curling Brown,5000
TKBS07-LipMb,Vita Glazed Lip Mask Blister,5000
IDCP14-MZ,(1EA)BACK TO BASICS MASK IN THE ZONE 20ml,5000
SBMP05-MYJ,YUJA NIACIN 30DAYS BLEMIMSH CARE SERUM MASK 1ea,5000
MECUS08-Ts,(Sample) ZERO PORE PAD 2.0 2EA,5000
AbibC18-F,Sedum hyaluron foam\_Deep clean foam cleanser 150ml,5000
MECUBS17-BO,HYPOCHLOROUS ACID BODY PEEL SHOT 280ml,5000
KSCS01-SGS,(SACHET) GLOW SERUM : NIACINAMIDE 15% + YUJA,5000
KSCS01-SRS,(SACHET) Retinal Liposome 2% + Black Ginseng,5000
IDCP15-MPgwp,HOT AS SHEET PORE TIGHTENING,5000
IUC10-OS,\[Sample\] Calendula Complete Cleansing Oil 3ml,5000
MECUS13-AE2000m,\[SAMPLE\] PDRN PINK EXOSOME SHOT SERUM 2000 5ml,5000
MECUC13-FPNm,\[SAMPLE\] PDRN PINK NIACINEAMIDE WHIP CLEANSER 15g,5000
SBMP20-MC,Real Cica Calming Care Mask 1ea,5000
MECUS13-TNm,\[SAMPLE\] PDRN PINK NIACINAMAIDE MILKY TONER 20ml,5000
MECUHS23-HM250,VANILLA HAIR BODY FRAGRANCE MIST 250ml,5000
HMS23-IRB,RX Retinol Bakuchiol Hydrogel Eye Patch 60ea,4960
HMS20-PATCH,Matcha Biome Hydrogel Eye Patch 60ea,4920
PRS19-S,Azelaic Acid 10 Kojic Tea Tree Serum 30ml,4912
PRC04-FR,Mighty Bamboo Panthenol Cleanser 150ml,4896
DRAS01-I,Retinol Flat Iron Eye Roller 25ml,4880
BODC07-OCC,Collagen Cleansing Oil 200ml,4875
AXSM06-SCOTC,(OTC) Complete No-Stress Physical Sunscreen 50ml,4875
SES09-A,Silk Peptide EGF Intensive Ampoule 40ml,4820
VTS21-S300pr,Reedle shot 300 Stick Pouch 1ea,4800
DBSM05-SCO,(OTC) Waterful Essence Sun cream 50ml,4800
DRAP03-MA,Aqua Blue Hydration Mask( 28g\*4EA ),4800
ANS10-EA100,AZELAIC ACID CICA SKIN SOOTHING MOISTURIZER 100ml,4800
ANS06-ENR,\[RENEW\] PEACH 77 NIACIN CONDITIONING MILK 150ml,4720
IDCMA05-BHS,2-IN-1 SILICONE MASK BRUSH,4680
BARBS01-HPR2,Shea Butter Sleeping Heel Patch (2EA),4650
HRS04-I,Black Rice Bakuchiol Eye Cream 20ml,4640
MECUS05-VA,AGE-R VITA C PRO AMPOULE 20ml,4630
HRS04-SP,Black Rice Probiotics Barrier Essence 120ml (a.k.a. Makgeolli Essence),4609
KAJCM1-RM,BEAUTY BENTO 23 ROSE MACARON,4586
HBUS4-AI,Black Yuja Bean Lifting Auto Eye Cream 15ml,4560
S1004P01-MPC,\[1ea\] Madagascar Centella Probio-Cica Nourishing Mask 23ml,4547
ARMHS10-HRE,Rosemary Root Enhancer 100ml,4520
KP34207241-A,ATEEZ - 8th Mini Album \[THE WORLD EP.1 : MOVEMENT\] (3 TYPE Random),4520
TIRS03-C50,CERAMIC CREAM 50ML,4510
AbibP02-PK,RICE PROBIOTICS OVERNIGHT MASK BARRIER JELLY 80ml,4500
S1004P01-MPT,\[1ea\] Madagascar Centella Tea-Trica Relaxing Mask 24ml,4500
IDCP08-PKD,DEW NOT DISTURB,4500
HBUBS7-BMs,\[Sachet\] Salmon Fruity Centella Body Cream 4.5ml,4500
HBUBS7-BWs,\[Sachet\] Salmon Fruity Centella Body Wash 4.5ml,4500
MECUS17-MS50,Hypochlorous Acid Daily Facial Spray 50ml,4500
MECUBS01-BM,RED CLEAR CICA BODY MIST 200ml,4440
PRS04-Sams,\[Sam's club\] Mighty Bamboo Panthenol (Cleanser150ml + Serum 30ml + Cream 100ml),4422
KSCS02-PATCHC,CAFFEINE Instant Relief Eye Gel Patches,4416
DRAC01-OCR,Gentle Pore Cleansing Oil 150ml,4415
DRMS05-C,TX Cream 50g,4410
SBMS15-EP,AHA BHA PHA 30 DAYS MIRACLE TRUECICA CLEAR PAD (70ea),4320
AbibS21-PATCH,GLUTATHIONE KOJIC ACID EYE PATCH VITA JELLY 90g / 60ea,4320
ANS10-PATCH,ULTRA THIN SPOT COVER PATCH 75EA,4250
VTCM21-Lb,REEDLE SHOT LIP PLUMPER BEGINNER,4248
PTFP01-IGM,Gold\&Snail Eye patch,4248
MIXS01-C,Bean cream 50ml,4230
ECM116-E01P,(25AD) Drawing Eyebrow Pro \#1 Dark Brown,4224
S1004P01-M,\[1ea\] Madagascar Centella Watergel Sheet Ampoule Mask,4200
DBS03-MV50,White truffle First Spray Serum 50ml (vegan),4200
S1004S01-AT,MADAGASCAR CENTELLA TEA-TRICA RELIEF AMPOULE 100ml,4200
MECUHS13-SP,ROSEMARY PDRN COOLING THICKENING SHAMPOO 400ml,4200
DRAC02-FA,Amino Acid Gentle Bubble Cleanser 140ml,4200
KAJCM13-WC,JUICY GLASS LIP BALM 01 WATERMELON COOLER,4186
goodalP06-MG,GOODAL GREEN TANGERINE VITA C DARK SPOT CARE GEL MASK,4150
MECUS14-AP,KOJIC ACID TURMERIC PEEL SHOT 80ml,4100
S1004S01-S,Madagascar Centella Hyalu-Cica Blue Serum 50ml,4100
AbibP02-MHyrR,\[1ea\] GUMMY SHEET MASK SEDUM HYALURON STICKER (2024),4080
TIRM23-CU21N,MASK FIT RED CUSHION 21N IVORY,4080
FUC01-PC,Green Tomato Clay Mask Cleanser 120ml,4070
cosS56-cpatchEU,Master Patch Clear Fit 18ea (EU Package),4050
ALSS11-SN,NAD+ Booster Shot 30ml,4050
VTS21-Sc100,COLLAGEN REEDLE SHOT 100,4032
cosC05-PG,Low pH Good Night Soft Peeling Gel 120ml,4032
AbibP19-MJ4ea,\[4ea\] COLLAGEN GEL MASK JERICHO ROSE JELLY,4020
TIRSM00-SC,(OTC) UV SHIELD SUN SCEREEN 50ml,4020
KAJCM1-CE,BEAUTY BENTO 20 Cold Brew Einspänner,4008
AbibSM10-Stotc,(OTC ver.) Quick Sunstick Protection Bar SPF50+ PA++++ 22g,4000
RLS03-Sps,(sample) Mugwort CALMING SERUM\_2ml,4000
RLS06-C80ps,(sample) Soybean Nourishing Cream 2ml,4000
VTP26-M,(1EA) PDRN HYDROGEL MASK,4000
RLSM04-SCRR,(OTC) BIRCH JUICE MOISTURIZING UVLOCK SUN CUSHION\_15g,4000
ANC12-FMG,8 HYALURONIC ACID MOISTURIZING GENTLE GEL CLEANSER 150ml,4000
ANS10-PATCHPN,PDRN COLLAGEN MELTING PATCH FOR NECK (4EA),4000
VTS04-P2,"VT SPOT PATCH(3sets, 48ea)",4000
MECUBS01-BOP,RED ACNE BODY PEELING SHOT 2.0 110g,4000
RLC01-CLR30,1025 DOKDO CLENSER\_30ml,4000
KAJCM1-BB,BEAUTY BENTO 22 BLUEBERRY BINGSU,4000
KAHIS01-MBX,Wrinkle Bounce Multi Balm 9g,3980
ANP06-PKR,\[RENEW\] \[1EA\] PEACH 70 NIACIN SERUM MASK 25ml,3960
PYS01-EssenceTR,(Renewal) Essence Toner 200ml,3960
MVHS01-TT,ANNURCATIN TREATMENT 200g,3928
PRS02-CSU,Wonder Releaf Centella Serum Unscented 60ml,3920
KAJCM13-FS,JUICY GLASS LIP OIL 07 Fig Smoothie,3910
KAJCM13-LS,JUICY GLASS LIP BALM 02 LYCHEE SPRITZER,3910
TKBS07-LipM,Vita Glazed Lip Mask 20ml,3900
IDCS01-EPGWP,(GWP) STARLIT KITTEN BRIGHTENING HYDROGEL EYE PATCH (1ea),3850
KAJCM13-CC,JUICY GLASS LIP OIL 08 Cherry Cola,3813
KAJCM13-CS,JUICY GLASS LIP BALM 04 CRANBERRY SANGRIA,3813
KAJCM13-GP,JUICY GLASS LIP BALM 05 GUAVA PUNCH,3813
DRCS12-S,VEGAN KOMBUCHA TEA ESSENCE 150ml,3800
HMCM1-DSSMBBV,Dailism Smudge Stop Mascara Volume Brown,3780
RLC07-FR,\*Renewal PINE CALMING CICA CLEANSER\_150ml,3780
RLS07-AR,(Renewal) PINE CALMING CICA AMPULE\_30ml,3780
IDCP14-MT,(\!EA) BACK TO BASICS MASK TIME WARP 20ml,3770
MECU05-PROXW,AGE-R BOOSTER PRO X2 White,3712
TKBS13-GCs,CICA CALMING GEL CREAM 1ML,3700
ANP01-MR,\[RENEW\] \[1EA\] HEARTLEAF 77% SOOTHING SHEET MASK,3680
LIVHS01-SR,(Renewal) GROW:TURN EXOSOME Brush Ampoule 100ml,3650
KAJCM13-CCL,JUICY GLASS LIP BALM 06 COCONUT COLADA,3617
KAJCM9-CL,PLAY BENTO 02 Cloud Latte,3617
SBMP14-Mb1,Diamond Brightening Calming Glow Luminous Ampoule Mask 1ea,3600
SBMP14-Mc01,Tea Tree Calming Glow Luminous Ampoule Mask 1ea,3600
DRAP01-VMR,Vita Glow Mask (28g\*4EA),3600
CLIOCM32-KEUS,CLIO KILL LASH SUPERPROOF MASCARA 04 EXTREME VOLUME,3600
cosS58-Saad,THE ALPHA-ARBUTIN 2 DISCOLORATION CARE SERUM 50ML,3560
KDHS07-TTSet,AIRY VOLUME HYALURON EDITION BLOSSOM BREEZE(SHAMPOO 300ML +TREATMENT 300ML),3552
TIRS14-I,COLLAGEN LIFTING EYE CREAM 15ml,3540
RLC01-GelR,(Renewal) 1025 DOKDO CLEANSING GEL\_150ml,3510
TIRS03-A40,CERAMIC MILK AMPOULE 40ml,3500
cosC45-F,Hydrium Triple Hyaluronic Moisture Cleanser 150ml,3500
SESALOP10-PT44,Witch Piggy Hell-Pore Blemish Spot Patch 44pcs,3500
CLIOCM32-KLUS,CLIO KILL LASH SUPERPROOF MASCARA 01 LONG CURLING,3500
VTS21-Sbt100,BLACK TRUFFLE REEDLE SHOT® 100 50ml,3456
ACS01-TLR,Licorice pH Balancing Cleansing Toner 150ml,3440
KDHS06-HSET01,CHERRY BLOSSOM EDITION (HONEY & MACADAMIA SHAMPOO 500ML +TREATMENT 500ML),3417
IMMM6-PPC,PURPLE COTTON TONE CONTROL PACT,3412
IMMM6-PS,I'M OIL CUT PACT 001 SKIN MATTIFYING,3412
JSMS01-SriRUS,\[US\] Glow Deep Seum : Rice +Alpha Arbutin 30ml,3400
RLP10-M10R,\*Renewal (10ea) VITA NIACINAMIDE DARK SPOT SERUM MASK 20ml,3400
ALSS12-S,PDRN Booster Shot 30ml,3390
HBUS1-A,Salmon Caring Centella Ampoule 30ml,3365
PRS02-CCU,Wonder Releaf Centella Cream Unscented 50ml,3360
SES03-SRRR,Deep Collagen Power Boosting Cream In Serum 30ml,3360
ANS10-CPH,PDRN HYALURONIC ACID 100 MOISTURE CREAM 60ml,3340
TKBSM05-SCOTC,(OTC)BIO WATERY SUN SCREEN,3340
KAJCM8-WSL,WINK STAMP LONG,3324
ANP06-MCOL,\[4EA\] PEACH 70 NIACIN BRIGHTENING COLLAGEN MASK,3320
S1004S03-ARN,Madagascar Centella Retinol 0.2 Boosting Shot Ampoule 30ml,3315
ANS01-CCRS,CENTELLA RED SPOT CREAM 30g,3304
DBSWT-VS,White Truffle Vital Spray Serum 100ml,3300
AbibP22-PK,PDRN COLLAGEN OVERNIGHT MASK FIRMING JELLY 80ml,3300
KSCS01-CEU,(GLOBAL) Cream : Retinal Liposome 1% + Fermented Rice,3296
MECU05-VRW,AGE-R V ROLLER BEIGE,3296
ALSP07-MG,(4EA) Red Collagen Jello Mask 25g,3294
SES5-ARR,(Renew)Deep Collagen Silk Peptide Intensive Ampoule 40ml,3280
DRMS15-C,Cactox Pore Relief Multi Balm 25g,3276
VTM04-P,VT CICA NO-SEBUM MILD POWDER,3270
cosP58-M3,(3EA) Advanced Snail Mucin Glass Glow Hydrogel Mask,3264
DRMS01-C,CEMENRETE CALCIUM INTENSE CREAM 50ML,3248
VTP28-PKCO,REEDLE SHOT EX COLLAGEN MODELLING PACK 25g,3240
TFITM06-CRN,COVER UP PRO CONCEALER 01 NEUTRAL,3240
KSCS02-PATCH,RETINOL Advanced Regenerating Eye Gel Patches,3216
CMXS08-BS,Pore+Dark Spot Brightening Serum 30ml,3216
VTS26-S,PDRN ESSENCE 100,3203
RLC01-SC\_PlpR,(Renewal) 1025 DOKDO PEELING GEL\_120ml,3200
IFromP07-M1,(1ea) Rice Sheet Mask,3200
VTP21-M50,\[1EA\] MILD REEDLE SHOT 50 2-STEP MASK,3200
GNBP01-RM5,\[5ea\] PDRN Rejuvenating Mask,3200
goodalS06-CUS,GOODAL GREEN TANGERINE VITA C DARK SPOT CARE CREAM,3200
IFromS07-TR,(Renew) Rice Toner 150ml,3165
JSMC01-OCRUS,\[US\] Ginseng Cleansing Oil 210ml,3160
KSCS01-SEU,(GLOBAL) Essence : Snail Mucin 97% + Rice 100ml,3120
SBMP21-PK,Super Matcha Pore Clean Clay Mask 100g,3120
EREM03-STV203,(MoCRA) BLANC COVER CREAM STICK V 203 MEDIUM,3120
ARCP05-M,Mela TXA Mask (4ea),3090
cosS58-Sv13rrr,(Renew) The Vitamin C 13 Serum 20 Ml,3080
VTS24-I,PDRN REEDLE SHOT EYE LIFTER 15ml,3072
DRMS09-S,PEEL SHOT EXFOLIATING KOJIC ACID TURMERIC SERUM 80ml,3072
AbibS11-Spadr,HEARTLEAF SPOT PAD CALMING TOUCH (80 pads),3060
CMXS08-BP,Pore+Dark Spot Brightening Pad (40pads),3060
DRCS09-S,JEJU MATCHA TEA ESSENCE 150ml,3048
MECUS17-CH,HYPOCHLOROUS 3H RELIEF CREAM 50ml,3040
MECUS17-E,3H DRYING LOTION 20ml,3040
ARCP01-M,Super Collagen Mask (4ea),3030
BARNM02-OP,(Renew)Nail And Cuticle Care Essence Oil Pen 2ml,3024
VTS21-Sp100,PRO CICA REEDLE SHOT 100,3024
VTS21-Sv100,VITA-LIGHT REEDLE SHOT 100,3024
S1004S03-AN,Madagascar Centella Niacinamide 10 Boosting Shot Ampoule 30ml,3000
MECUS19-S,AZELAIC ACID 16 BB CALMING SERUM 30ml,3000
HLSS01-SRR,\[Renew\] All day Vitamin Brightening\&Balancing Facial Serum 30ml,3000
PRS04-Cm,(Mini) Mighty Bamboo Cream,3000
NLS02-Cs,Hydra-Max Deep Infusion Serum 2ml,3000
NLS05-Cs,A-Control Azelaic Acid Cream 2ml,3000
NLS07-Ss,MELA-PRO Tranexamic Acid Serum 2ml,3000
RLSM04-Scotc,(OTC) BIRCH JUICE MILD-UP UVLOCK\_50ml,3000
GNBS01-RC,PDRN REJUVENATING CREAM 70ml,3000
PRS02-CSUs,(Sample) Wonder Releaf Centella Serum Unscented 1g,3000
ARCP02-MEX,Botulcare Mask EX (4ea),3000
ARCP04-M,Hyal B5 Soothing Mask (10ea),3000
VTP21-Mh100g,\[EN\](1EA) HYDROP REEDLE SHOT® 100hL 2STEP HYDROGEL MASK,3000
ANC10-F,PDRN HYALURONIC ACID MOISTURIZING CLEANSING FOAM 150ml,3000
ANS10-TTXA,NIACINAMIDE TXA BRIGHTENING BOOSTER TONER 250ml,3000
S1004S01-ATE,Madagascar Centella Teca Ampoule 50ml,3000
S1004S01-ATP,Madagascar Centella Hyalu-Teca Plumping Ampoule 50ml,3000
S1004S01-CTE,Madagascar Centella Teca Cream 75ml,3000
S1004S01-CTF,Madagascar Centella Hyalu-Teca Firming Cream 50ml,3000
S1004S01-TGSM,Madagascar Centella Hyalu-Teca Glass Skin Milk 210ml,3000
S1004S01-TP,Madagascar Centella Poremizing Clear Toner 210ml,3000
S1004S01-TTS,Madagascar Centella Teca Soothing Toner 210ml,3000
ANS10-TPDRN,PDRN 100 HYALURONIC ACID BOOSTER TONER 250ml,3000
RLC04-FRs,(Sample) Birch Juice Moisturizing Cleanser 2ml,3000
LGC01-Fphs,CELLUP PH CURE FOAM CLEANSER 1.5ml (pouch sample),3000
LGS02-CDsr,CELLUS DEEP MOISTURE CREAM 1.5ml (pouch sample),3000
ZRDS01-C80m,\[sample\] Intensive Cream 25ml(tube),2999
TIRSM00-SCmini,(OTC) HYDRO UV SHIELD SUN SCEREEN 10m,2998
ARCP03-M,Cica Repair Panthenol Mask (4ea),2982
CLIOCM16-IP01US,CLIO SUPERPROOF PEN LINER KILL BLACK 01 BLACK,2980
AbibS11-PATCH,HEARTLEAF CALMING SPOT PATCH 78pcs,2970
SBMSM10-SCF,\[OTC\] V10 HYAL AIR FIT SUNSCREEN,2950
MVHS01-ST,ANNURCATIN HAIR TONIC 150ml,2940
MVHS01-SP300,ANNURCATIN SHAMPOO 300ml,2936
RLC01-FR,(Renewal) 1025 DOKDO BUBBLE FOAM\_150ml,2910
RLS10-SR,(Renewal) VITA NIACINAMIDE DARK SPOT SERUM 30ml,2880
cosC08-SAcleanr,Salicylic Acid Daily Gentle Cleanser 150ml,2835
cosC02-Fr,Advanced Snail Mucin Gel Cleanser 150 mL,2820
goodalP08-PK,GOODAL HEARTLEAF HYALURON SOOTHING JELLY MASK,2820
SBMS17-CYJR,\[Renew\]YUJA NIACIN BRIGHTENING MOISTURE GEL CREAM 100ML,2800
S1004C01-AFs,Madagascar Centella Ampoule Foam 20ml,2800
S1004S01-CPT,Madagascar Centella Tone Brightening Dark Spot Ampoule Pad 60pads,2800
MECUS09-A,DEEP VITA C AMPOULE 2.0 30g,2800
SEP09-M4EA,(4ea) Silk Peptide EGF Gold Mask,2800
KSCS01-CSEU,(GLOBAL) Cream : Snail Mucin 93% + Rice,2770
LDSP01-CG,Modeling Mask Cup Pack Collagen 28g,2750
MECU05-BCHB,AGE-R BOOSTER CLEANSER HEAD (BEIGE),2750
cosS26-C,Balancium Comfort Ceramide Cream 80g,2736
VTP28-PKH,REEDLE SHOT EX HYARURONIC MODELLING PACK 25g,2700
SEP03-MH4ea,\[4ea\] Deep Collagen Hyalu-B5 Hydrating Mask,2700
PTFP19-EM,\[1ea\]Aura Quartz Hydrogel Eye Zone Mask –Iridescent Lavender,2700
CLIOCM32-KVUS,CLIO KILL LASH SUPERPROOF MASCARA 02 VOLUME CURLING,2700
DRCS12-Cs2,(sample) VEGAN KOMBUCHA TEA GEL CREAM 2ml,2675
MIXC02-FR,Centella Cleansing Foam 150ml,2660
PRS07-TPD,Oat PDRN Gentle Refining Toner 200ml,2646
TIRM23-CU29N,MASK FIT RED CUSHION 29N NATURAL BEIGE,2640
PRS02-SETm,Wonder Releaf Centella Mini Kit Unscented(Serum15ml+Toner30ml+ Cream15ml),2640
RLS01-T500R,(Renewal) 1025 DOKDO TONER\_500ml,2640
KSCS01-SETEP01,EP) KSECRET Retinal Black Ginseng Serum Double Set,2638
ARMBS10-Br3,Rosemary Scalp Scrub 165g,2620
SEP03-MN4ea,\[4ea\] Deep Collagen Niacin Vita C Brightening Mask,2610
BODS08-SV,RADIANT VITA NIACINAMIDE SERUM 30ml,2600
BODS04-TPV,Vita Niacinamide Gel Toner Pad (60ea),2600
MECUHS11-TT,SOYXIDILL 2IN1 TREATMENT 265ml,2600
S1004S01-TT,MADAGSCAR CENTELLA TEA-TRICA PURIFYING TONER 210ml,2600
VTP21-Mv100,(1EA) VITA-LIGHT REEDLE SHOT 100 2STEP MASK,2600
DBSM05-MSCO,(OTC) Waterfull Mild SunCream 50ml,2600
PRS20-S,TXA 6 Niacinamide 10 Retinal Serum 30ml,2592
S1004S01-Cspot,Madagascar Centella Tea-Trica Spot Cream 20ml,2560
KSCS02-PATCHV,VITAMIN C Extra Illuminating Eye Gel Patches,2544
RLBS07-BWR,(Renewal) PINE CALMING CICA BODY WASH\_400ml,2520
VTP28-PKV,REEDLE SHOT EX VITAMIN MODELLING PACK 25g,2520
AbibS20-C,JERICHO ROSE CRÈME NUTRITION TUBE 75ml,2520
KAJCM9-DC,PLAY BENTO 2.5 Dolce Cappuccino,2518
SES03-CR,(Renew) Deep Collagen Retinol Power Boosting Capsule Cream 50ml,2500
cosS56-PATCHI36,COSRX Master Patch Intensive\_36pcs,2490
ALSC01-FL,Green Tea + LHA Deep Pore Rice Cake Cleanser 150g,2464
ISNS22-A,ULTRA-LOW MOLECULAR HYALURONIC ACID SERUM\_50ml,2464
cosS14-T,Centella Water Alcohol-Free Toner 150ml,2460
ISNS02-T,GREEN TEA FRESH TONER 200ML,2460
cosS58-Cr,The Retinol 0.1 Cream 20mL,2450
VTS24-SB,PDRN ESSENCE STICK BALM,2440
ALSC01-Frir,RICE MUCIN CLEANSER 120G,2440
EP55-MRR,(23AD) Soonjung Panthensoside Sheet Mask 25ml,2420
BODP04-MS1,Refreshing Sea Kelp Real Deep Mask 1ea,2418
IMMM6-PP,PINK BLUR TONE-UP PACT,2412
ATPS03-CM100R,\[Renew\] MLE Cream 100ml,2412
ISNS18-PATCH,ONION NEWPAIR SPOT PATCH (10mmx12ea/12mmx12ea),2400
VTP21-Mr100,(1EA) RETI-A REEDLE SHOT® 100 2STEP HYDROGEL MASK,2400
TKBCM10-L2R,\[Renewal\]Glass Tinted Lip Balm 012 Better Pink,2400
TKBS13-TPs,CICA CALMING AQUA PAD(2pads),2400
TKBS13-Ts,Cica Calming Aqua Toner 2ml,2400
ANP01-MHNR,\[RENEW\] \[1EA\] HEARTLEAF CREAM SHEET MASK NIGHT SOLUTION 25ml,2400
GNBS01-TA30,PDRN VITA Toning Ampoule 30ml,2400
cosS58-OILr,The Retinol 0.5 Oil 20mL,2400
DRAP01-MC,Cushion Veil Calming Mask 35g\*4EA,2400
PRS02-CTU,Wonder Releaf Centella Toner Unscented 200ml,2400
goodalP06-EPUS25,GOODAL GREEN TANGERINE VITA C DARK SPOT CARE EYE PATCH ALPHA,2400
VTS24-CCR,\[RENEW\]PDRN CAPSULE CREAM 100 50ML,2400
VTP21-Mv,REEDLE SHOT VITA-LIGHT ALL-IN-ONE 3 STEP MASK,2380
SBMBS25-BMR,AHA BHA PHA MIRACLE CALMING BODY LOTION 200ML,2350
ALSS03-S30,Fresh Red Smoothie Serum 30 50g,2350
ES84-01R,(23AD) MY LASH SERUM 9g,2320
KAJCM1-BT,BEAUTY BENTO 21 TARO BUBBLE TEA,2317
DRMS01-PS,CEMENRETE CYANO PINK SPICULE SERUM 30ml,2312
ARMHS10-S180,Rosemary Scalp Scaling shampoo 180ml,2300
SBMS17-SYR,\[RENEW\] YUJA NIACIN ANTI-BLEMISH SERUM 50ml,2300
ECM116-E03P,(25AD) Drawing Eyebrow Pro \#3 Brown,2281
CLIOCM19-I01rUS,"CLIO SHARP, SO SIMPLE WATERPROOF PENCIL LINER 01 BLACK",2280
ANS10-Lip,PDRN LIP SERUM 10ml,2280
OTDS01-SP,OOTD Star Spot Patch 80 patches,2270
ANS04-SR,\[RENEW\] BIRCH MOISTURE BOOSTING SERUM 30ml,2256
TKBCM14-LO00EU,\[GLOBAL\] JUICY BERRY PLUMPING LIP OIL 00 GLAM MAX,2250
HLSS01-OC,Niacinamide 2 + Oil Control Cream 80ml,2250
GUHS01-TNWr,(GB) Damage Therapy No-wash Treatment EX 250ml,2240
NBS08-A5R,No.5+ Glutathione Vitamin Concentrated Serum 30ml,2240
ANP01-PKPR,\[RENEW\] HEARTLEAF PORE CLAY PACK 100ml,2240
ANS12-SPad,8 HYALURONIC ACID CATECHIN CALMING PAD 185ml (110EA),2232
MIXC01-OC,Bean Cleansing Oil 195ml,2226
AbibP19-MG4ea,\[4EA\] GLOW COLLAGEN MASK GLUTATHIONE FILM,2220
TIRM23-CU22C,MASK FIT RED CUSHION 22C PEACH BEIGE,2220
TIRM23-CU24N,MASK FIT RED CUSHION 24N LATTE,2220
DRAS01-Lipb,Soft Melting Fresh Lip Balm,2210
MECUP09-M,DEEP VITA C DAILY QUICK MASK (30pcs),2208
TKBCM10-L3R,\[Renewal\]Glass Tinted Lip Balm 013 Tangerine Red,2200
MECUS19-S7500,AZELAIC ACID EXOSOME SHOT 7500 30ml,2200
LDSP01-CT,Modeling Mask Cup Pack COOL TEA-TREE 28g,2200
ANS10-TR,\[RENEW\] BHA 2 GENTLE EXFOLIATING TONER 150ml,2200
HRC04-OG,Black RiceTriple AHA Gentle Cleansing Gel 100ml,2184
AbibS20-S,Jericho rose bifida serum firming drop 50ml,2160
YJM04-PR,Skin Perfecting Protective Base Prep 40ml,2160
FUMA03-PB,Pore Cleansing Brush,2160
AbibP02-MWG,DARK SPOT WRAPPING MASK GLUTATHIONE FILM 100ml,2160
ALSC01-Fcr,CALENDULA RICE MOCHI CLEANSER 120G,2160
VTS21-Srb100R,RED BOOSTER REEDLE SHOT 100 50ml,2160
KAJCM12-FS,Jelly Charm 04 Fig Soda,2132
CLIOCM16-IP02US,CLIO SUPERPROOF PEN LINER KILL BROWN 02 BROWN,2120
IUS04-BC,Beta Glucan 3X Barrier Cream 50ml,2112
IFromC07-F,Rice Whip Facial Cleanser 150ml,2100
HMC23-SCPlAB,RX AHA BHA Enzyme Scrub 130ml,2100
RLS01-ClR,(Renewal) 1025 DOKDO LIGHT CREAM\_80ml,2100
EREM03-STV202,(MoCRA) BLANC COVER CREAM STICK V 202 NATURAL,2100
ABCC01-F,PURE CLEAR MAKEUP REMOVER CELL FOAM 140ml,2100
DBS03-AS60,White truffle First Aromatic Spray Serum 60ml,2080
APNS11-AP,HyperShot Peptide Ampoule 50ml,2072
goodalP06-EPUS,GOODAL GREEN TANGERINE VITA C EYE GEL PATCH,2070
NBS02-PATCH9,5ea) No.9 NAD Collagen Under Eye Patches,2040
HMC01-FG,All Clean Green Foam 150g (cleansing foam),2040
ISNS01-CR,HYALURONIC ACID MOIST CREAM 100ML,2040
HS87-GelR,(RENEWAL) Aloe 99% Soothing Gel 250ml,2016
VTS21-Sr100,RETI-A REEDLE SHOT 100,2016
ALSS14-S,Eraser Shot Glycolic Acid Booster 30ml,2010
S1004S01-APC95,MADAGASCAR CENTELLA PROBIO-CICA INTENSIVE AMPOULE 95ml,2000
HLSS04-S,Snail Mucin 95 + Peptide Facial Essence 140ml,2000
NBS08-1S,No 1. 3 type sample pouch 6ml,2000
NBS08-5S,No 5. Bestseller Trial Sample 10ml,2000
NBS08-9S,(Sample) No9+ Nad BIO Lifting-sil Essence (1ml\*3ea),2000
DRCSM08-OTC,(OTC) HYDRA BARRIER SUNSCREEN 50ml,2000
HETBS01-HS,Perfumed Mango Seed Butter Hand Cream (Hug Soap) 50ml,2000
SBMS26-Is,\[Sachet\] RETINOL INTENSE ADVANCED TRIPLE ACTION EYE CREAM 1ml,2000
SBMS26-Ss,\[Sachet\] RETINOL INTENSE REACTIVATING SERUM 1.5ml,2000
TKBS03-C,MULTI CERAMIDE CREAM 50mL,2000
VTS21-S100p,Reedle shot 100 Stick Pouch 1ea,2000
SBMM29-PR,PDRN SPIRULINA PORELESS PRIMER 10g,2000
NLP26-M1,My Fit Sheet Mask No.1 Azelaic Acid,2000
NLP26-M2,My Fit Sheet Mask No.2 Kojic Acid,2000
NLP26-M3,My Fit Sheet Mask No.3 Niacinamide,2000
NLP26-M4,My Fit Sheet Mask No.4 Tranexamic Acid,2000
NLP26-M5,My Fit Sheet Mask No.5 Hyaluronic Acid,2000
NLP26-M6,My Fit Sheet Mask No.6 PDRN,2000
NLP26-M7,My Fit Sheet Mask No.7 Collagen,2000
goodalS06-IC25,GOODAL GREEN TANGERINE VITA C DARK SPOT CARE EYE CREAM,2000
NBS02-TG03,(Global) No.3 Bifida Bakuchiol 50 Zero Pore Milky Toner 200ml,2000
S1004S01-CPH,Madagascar Centella Hyalu-Cica Jelly-Fit Ampoule Pad 60pads,2000
49820052,GOODAL HEARTLEAF SOOTHING QUICK SLIDING SUNSCREEN STICK,2000
49830042,GOODAL HEARTLEAF SOOTHING MINERAL 100 SUNSCREEN,2000
RLS01-IR,(Renewal) 1025 DOKDO EYE CREAM\_30ml,2000
S1004S01-TTB,Madagascar Centella Tone Brightening Boosting Toner 210ml,2000
DBSM05-TCO,(OTC)Waterful Tone-Up Sun cream 50ml,2000
KAJCM8-WS,WINK STAMP,1987
ECM102-K01R,(Renewal) Curl Fix Mascara 01 Black 8g,1982
ALSC01-Fbr,FRESH BLUE HYSSOP RICE MOCHI CLEANSER 120G,1962
HLSS01-ESR,Blackhead melting softner 150ml + cotton pad(40pads) + cotton Swab 10ea,1950
DRMS01-Ap,CEMENRETE CALCIUM VOLUME AMPOULE PLUS 30ML,1944
ARMHS10-T,Rosemary 3-in-1 Treatment 160ml,1940
KAJCM1-FN,BEAUTY BENTO 19 Forest Night,1940
NBS02-T1,No.1 Pure-full Calming Herb Toner 300ml,1935
LDSP01-CH,Modeling Mask Cup Pack Calming Herb 28g,1925
AXS01-T,Dark Spot Correcting Glow Toner 125ml,1922
PNM01-CU24N,Cicamanu Serum Cushion \#24N (Natural Nude) 15g,1922
IUS03-S,Tea Tree Relief Serum 50ml,1920
cosC34-FL,Fulll Fit Honey Sugar Lip Scrub 20 g,1920
NFP08-MNR,\*Renew\* NIACINAMIDE Brightening Mask Pack 30g 1ea,1920
STUMA01-BF,Brush Fit Puff (5ea),1915
HBUS1-T,Salmon Caring Centella Toner 200ml,1900
HRS04-RS,Black Rice Night Knight Retinol Serum 20ml,1900
cosS58-C0.3r,The Retinol 0.3 cream 20 mL,1890
PYBS12-CMB,Calming Moisture Barrier Cream 50ml,1890
EREM03-STV201,(MoCRA) BLANC COVER CREAM STICK V 201 LIGHT,1860
AbibS11-T,HEARTLEAF CALMING TONER SKIN BOOSTER 200ml,1840
HRS04-M,Black Rice Probiotics Barrier NAD+ Serum Mist 80ml,1840
MECUS01-Fl,RED ACNE SUCCINC ACID PEEL 40g,1840
GNBS01-RT,PDRN Rejuvenating Toner 300ml,1840
VTC04-F,VT CICA MILD FOAM CLEANSER 300ml,1830
DRMS05-TPAD,TX-KOJIC ACID TURMERIC TONER PAD 70PCS,1824
ISNS12-A,TW-REAL BIFIDA AMPOULE 50ML,1824
ISS01-SP,NO PROBLEM SPOT PATCH,1800
IUS04-S,Beta Glucan Power Moisture Serum 50ml,1800
AXS05-C,LHA Peel\&Fill Pore Balancing Cream 50ml,1800
cosS03-Liquid,AHA 7 Whitehead Power Liquid 100ml,1800
cosS14-C,Centella Blemish cream 30ml,1800
TFITM06-CRC,COVER UP PRO CONCEALER 03 COOL,1800
TKBCM14-LO07EU,\[GLOBAL\] JUICY BERRY PLUMPING LIP OIL 07 PLUM JAM,1800
CLIOCM08-I002US,CLIO EXTREME GELPRESSO PENCIL LINER 02 DEEP BROWN,1800
TIRM23-CU17N,Mask Fit Red Cushion 17N Vanilla,1800
TKBCM10-LR,\[Renewal\]Glass Tinted Lip Balm 011 Flush Cherry,1800
S1004S01-CCapsule,Madagascar Centella Tone Brightening Capsule Cream 75ml,1800
PRS02-CEU,Wonder Releaf Centella Eye Cream Unscented 30ml,1800
AbibS20-M,JERICHO ROSE MIST SERUM GLOW SPRAY 100ml,1800
cosP10-JumboRR,JUMBO Ultimate Nourishing Rice Overnight Mask 60g,1780
HBUC1-F,Salmon Caring Centella Bubble Cleanser 200ml,1776
NSLBS04-BMG,Aromanut Slimfit Guasha Serum 60ml,1754
KAJCM11-II,WINK DAZZLE 01 Ice Illusion,1754
ARMHS10-Sr,Rosemary Scalp Scaling shampoo 400ml,1750
DBS03-AS,White truffle First Aromatic Spray Serum 120ml,1744
KoeP11-MLM,Rose Petal Leg Mask,1710
cosC41-F2,AC Collection Calming Foam Cleanser 150ml,1707
MVHS01-TK,ANNURCATIN TRIAL KIT,1700
ECM04-W01A,\[Amazon\] Dear Darling Water Tint 01,1700
SBMBS25-BMM,AHA·BHA·PHA MIRACLE BODY TONER MIST 140ml,1650
TKBCM14-LO05EU,\[GLOBAL\] JUICY BERRY PLUMPING LIP OIL 05 ROSY GIRL,1650
TKBCM14-LO06EU,\[GLOBAL\] JUICY BERRY PLUMPING LIP OIL 06 BERRY CANDY,1650
AbibS11-AT,Heartleaf TECA capsule serum Calming drop 50ml,1640
RLS04-GELR,(Renewal) BIRCH JUICE MOISTURIZING SOOTHING GEL\_150ml,1640
DBHS09-S,Professional Repairing Hair Perfume Serum\_Rose freesia 50ml,1638
APLBBS1-BL,Glutathione Niacinamide Body Lotion 300ml,1628
VTS30-S,GLUCAMUNE ESSENCE 100ML,1620
HRS06-C,Centella Phyto & 5 Peptide Concentrate Cream 30ml,1620
IMMCM2-CBS,I'M MULTI STICK HIGHLIGHTER 002 SUNSHINE PINK,1601
VTS19-S,(66EA) VT PRO CICA CENTELLA ASIATICA TIGER CLEAR SPOT PATCH 4pcs/15ea\*2+18ea\*2,1600
SBMS27-C,BETA PANTHENOL REPAIR CREAM 50ML,1600
HETBS01-NS,Perfumed Mango Seed Butter Hand Cream (Namsan) 50ml,1600
S1004S01-S30,Madagascar Centella Hyalu-Cica Blue Serum 30ml,1600
BODS03-GC,Skin-Glow Essence Cream 50ml,1600
DBSWT-SC,White Truffle Double Serum & Cream 70g,1600
PYS01-Skit01,"Sample Pouch 1 (Essence toner, moisture serum, Balancing gel, Nutrition cream)",1600
PYS01-Skit02,"Sample Pouch 2 (Mist toner,Cleansing Foam,Moisture Ampoule,Moisture Cream)",1600
PYS12-Skit04,Calming Sample Pouch (Calming Deep Moisture Toner+Calming Moisture Serum+Calming Moisture Barrier Cream+Calming Moisture Repair Balm),1600
AXS04-spotR,Spot the Difference Blemish Treatment 15ml,1600
PYS06-Skit04,Black Tea Sample Pouch (Black Tea Deep Infusion Toner +Black Tea Boosting Serum+Black Tea Enriched Cream+Black Tea Time Reverse Eye Cream),1600
ANC11-FP,RICE ENZYME BRIGHTENING CLEANSING POWDER 40g,1600
DBS3-CR,Vita Toning Capsule Cream 55g,1580
RLS07-TR,(Renewal) PINE CALMING CICA TONER\_250ml,1580
MECU05-VRP,AGE-R V ROLLER PINK,1575
BODS03-CV,RADIANT VITA NIACINAMIDE CREAM 50ml,1560
MECUHS24-S,DEOXYRIBOSE SCALP SERUM 20ml,1559
SBMS12-SET,GALACTOMYCES BRIGHTENING TRIAL KIT \[10ml+10ml\],1550
VTS24-C100R,\[Renewal\] PDRN CREAM 100 50ml,1544
ALSS05-S30,Deep Water Surge Serum 30 50g,1538
RBS03-CRR,\[Renew\] Extreme Cream 50ml,1536
IMMCM2-CBB,I'M MULTI STICK BLUSHER 005 BLISS MAUVE,1522
NBS02-T5,No.5+ Glutathione Vitamin Concentrated Toner 200ml,1515
VTP05-M,VT CICA COLLAGEN MASK,1512
AXP07-PKM,Mugwort Pore Clarifying Wash Off Pack 100ml,1512
DRMS16-C,CALCIUM BONDING FACIAL CREAM 100ml,1512
TIRM23-CU13N,Mask Fit Red Cushion 13N Fair Ivory,1500
PYS01-NutrltionCR,(Renewal) Nutrition cream 100ml,1500
SBMS26-C,RETINOL BAKUCHIOL DUAL CREAM 50ml,1500
DEBBS07-UFCR,Urea Foot Cream 80ml,1500
GUHS01-Ar,Damage Therapy Scalp Scaling Ampoule 30ml,1500
cosP28-PK,Poreless Clarifying Charcoal Mask,1500
cosS45-EC,Hydrium Moisture Power Enriched Cream 50ml,1500
VTP24-M,PDRN DAILY MASK 30ea,1500
BODS01-FT,First Synergy Toner 150ml,1500
CLIOCM08-I004US,CLIO EXTREME GELPRESSO PENCIL LINER 04 GRAY BROWN,1500
AbibP19-MS4ea,\[4ea\] COLLAGEN GEL MASK SEDUM JELLY,1500
AbibS21-C,GLUTATHIOSOME CREME VITA TUBE 75ml,1500
HMCM1-KS,Dailism Peptide Enhancing Lash Serum,1500
TKBCM11-L2,Powder Cream Lip Balm 032 Rose Petal,1500
DRAS01-IS,To Be Yothfull Eye Serum 25ml,1480
NBS05-C5R,No.5+ Vitamin Glutathione Dark Spot Laser 50ml,1480
AbibS27-ILR,RETINAL EYE SERUM LIFTING ROLLER,1480
EREM01-CUBUS,(OTC) PANG PANG BIG SUN CUSHION PLUS 25g,1470
CLIOCM19-I04rUS,"CLIO SHARP, SO SIMPLE WATERPROOF PENCIL LINER 04 DARK BROWN",1470
AXC03-FS,Sunday Morning Refreshing Cleansing Foam 120ml,1464
MVHS01-OR,Renew) ANNURCATIN HAIR OIL ESSENCE 80ml,1460
STUMA01-BIS,Eye makeup brush set,1455
DRMS01-PSA,Cemenrete Picotonic Shot Ampoule 30ml,1452
HBUBS7-BM,Salmon Fruity Centella Body Cream 300g,1450
SBMS17-C,YUJA NIACIN ANTI-BLEMISH CREAM 60g,1450
TKBCM14-LO02EU,\[GLOBAL\] JUICY BERRY PLUMPING LIP OIL 02 BERRY BRANDY,1450
GNBP01-EM70,\[70ea\] PDRN 360 Rejuvenating Eye Mask 100ml,1450
TFITM14-PRDS,DELICATE SILK VEIL ART PRIMER 30ml,1440
PTFP19-LMM,Aura Quarts Lip Mask (1ea),1440
EREM03-STV204,(MoCRA) BLANC COVER CREAM STICK V 204 TAN,1440
NFP08-MVR,\*Renew\* VITA CERAMIDE Moisture Mask Pack 1ea 30g,1440
CMXS06-C,Dual Barrier Skin Wearable Cream 50mL,1440
CMXS01-TN150R,(Renew) NONI MOISTURE BALANCING TONER 150ml,1440
GNBCM01-LT,PDRN Glazed Lip Treatment 10ml,1430
DRMCM12-LPM,SPICULE PLUMPING LIP SHOT MAXI 4ml,1422
NLS05-A,A-Control 10% Azelaic Acid Serum 30ml,1420
TIRM23-CU21W,MASK FIT RED CUSHION 21W NATURAL IVORY,1420
S1004S01-SETEP01,EP) SKIN1004 Ampoule + Mask + Cream Set,1420
BODS01-ST,Micro Dual Serum Toner 150ml,1420
ARMHS10-DS,Rosemary Dry Shampoo Powder 10g,1416
HRS04-CC,Black Rice 5 Ceramide Barrier Moisturizing Cream 50ml,1408
CLIOCM19-I03rUS,"CLIO SHARP, SO SIMPLE WATERPROOF PENCIL LINER 03 BLACK BROWN",1400
AbibS21-T,GLUTATHIOSOME DARK SPOT TONER SKIN BOOSTER 200ml,1400
GNBS01-SM,PDRN Dual Glow Serum Mist 100ml,1400
RLS04-SR,(Renewal) Birch Juice Moisturizing Serum 50ml,1400
ARMHS10-TP,Rosemary PDRN Scalp Serum 100ml,1400
cosS41-C2N,AC Collection Lightweight Soothing Moisturizer 80ml RENEWAL,1397
CTS09-MC,Madeca Cream Time Reverse 50ml,1386
ECM61-KPrR,Dr.mascara fixer for perfect lash (23AD),1380
KAJCM1-VD,BEAUTY BENTO 13 VELVET DREAM,1380
LDSP01-CC,Modeling Mask Cup Pack Charcoal 28g,1375
cosS45-T50,Hydrium Watery Toner 50ml,1373
DEBBS01-BOR,\[R\] Daily Moisture Body Oil Fresh Peach 200ml,1370
KoeBS03-RBREP,Ruby & Bulgarian Rose eye patch 60 sheets,1368
PTFP12-IM,AGAVE Cooling Hydrogel Eye Mask,1368
cosP58-Mc,(3EA) Peptide Collagen Glow Hydrogel Mask,1360
cosS58-Shr,The Hyaluronic Acid 3 Serum 20mL,1360
HETBS01-ATb,Perfumed Mango Seed Butter Hand Cream (Artist) 50ml,1360
HETBS01-HWb,Perfumed Mango Seed Butter Hand Cream (Hotel Wood) 50ml,1360
NBS01-S1,No.1 Pantothenic B5 Active Soothing Serum 50ml,1350
TFITM14-PRHV,HYDRATE VANISH ART PRIMER 30ml,1320
IFromS07-C,Rice Cream 50g,1320
ANS10-TAZ,AZELAIC ACID 3 CICA SKIN CLARIFYING TONER 250ml,1320
cosP58-M,(3EA) Arbutin Discoloration Hydrogel Mask,1320
STU04-MT,Makeup tweezer duo,1320
NBS07-MCP5ea,5ea) No.2 Rose PDRN Collagen Plumping Sheet Mask,1320
SES11-CC,PDRN Pink Vitamin Glow Boosting Capsule Cream 50ml,1320
GUHS03-SPR,(GB) Algae Therapy Shampoo 500ml,1300
BODS08-SH,HYDRO CERA-NOL SERUM 30ml,1300
CLIOCM19-I02rUS,"CLIO SHARP, SO SIMPLE WATERPROOF PENCIL LINER 02 BROWN",1300
APLBP1-M10,Glutathione Niacinamide Sheet Mask (10EA),1300
AbibS11-C,Heartleaf creme Calming Tube 75ml,1300
S1004S01-AT30,MADAGASCAR CENTELLA TEA-TRICA RELIEF AMPOULE 30ml,1300
SBMS17-TYJR,\[Renew\]YUJA NIACIN 30 DAYS MIRACLE BRIGHTENING TONER 150ml,1300
HLSS01-BPATCH,Overnight Zero Pore Nose Patch 10 patches,1300
VTP21-Mh300R,\[RENEW\] (1EA) HYDROP REEDLE SHOT 300hL 2-STEP MASK,1300
VTBS21-BM,GLYCOLIC REEDLE SHOT HEAD TO TOE MIST 120mL,1296
PTFP01-IM,\[Petitfee\] Black Pearl& Gold Hydrogel Eye Patch 60 Sheet (Included High Level Of Amino Acids and Minerals),1296
PCS01-S30,PIXCELL BIOM™ 2BILLION/mL 30ml,1292
goodalS06-T,GREEN TANGERINE VITA C TONER 300ML,1290
HBUS1-S1ea,"\[1ea\] Salmon Caring Centella New Pair PDRN Booster 100,000 Shot Essence",1288
APLBBS1-BW,Glutathione Niacinamide Body Wash 300ml,1280
PCS03-SUS,(GLOBAL) 88B/mL L-GLUTATHIONE FLEXIBLE LIPOSOME 30ml,1280
PTFP28-MM,\[5ea\]Blackhead Melting Mask,1280
S1004S01-AS,Madagascar Centella Ampoule 30ml,1280
DBPWT-M5,White Truffle Nourishing Treatment Mask 5ea,1280
HETBS01-SHb,Perfumed Mango Seed Butter Hand Cream (Soosunhwa) 50ml,1280
HBUBS7-BW,Salmon Fruity Centella Body Wash 300ml,1270
STUMA01-B411,Glide foundation brush 411,1260
TFITM06-CRD,COVER UP PRO CONCEALER 04 Dark,1260
TFITM06-CRW,COVER UP PRO CONCEALER 02 WARM,1260
cosS21-T150,Full Fit Propolis Synergy Toner 150ml,1260
DBSWT-C,White Truffle Double Moisture Cream 60ml,1260
STUMA01-B482,Corrector\&concealer brush 482,1260
cosC65-CF150,CICA CREAMY FOAM CLEANSER 150ml,1260
cosS45-T150,Hydrium Watery Toner 150ml,1260
RLS07-CR,(Renewal) PINE CALMING CICA CREAM\_50ml,1260
MMA11-BR,Mary\&May Silicone Brush,1250
NBS01-S3,No.3 Blue Bio-Retinol Pore Refining Serum 30ml,1250
DBSM07-VCO,\[OTC\]Waterfull Fresch Sun Cushion 25g,1250
KAJCM12-SG,Jelly Charm 02 Squeeze Guava,1242
GUHS01-TTTM,Damage Therapy No-wash Treatment EX True Me 250ml,1240
HETBS02-C,"Hotel Therapy Body Wash (Cactus) 1,013ml",1236
FUS01-S,Green Tomato Serum 30ml,1230
PTFS13-ICM,Chamomaile Lightening Hydrogel Eye Mask,1224
HAUS01-HP,Hyaluronic PDRN Orb Serum 45g,1220
TIRS00-SPV,PURE VITAMIN C 24% SERUM 30ml,1220
KAJCM10-DP,DEWY BAR Peach Cobbler,1211
FS36-C,Rice Ceramide Moisturizing Cream,1206
MMP07-MNIAR,(RENEW) (30pcs) Niacinanide Vitamin C Brightening Mask,1205
HLSS01-NA10,Niacinamide 10 Serum 40ml,1200
SEP03-BU4eaR,(Renew) Deep Collagen Retinol Boost Up Mask Set (4ea),1200
cosS03-T,AHA/BHA CLARIFYING TREATMENT TONER 150ml,1200
HLSS01-NAC,Niacinamide 5 + Overnight Cream 50ml,1200
RLC01-OCWR,(Renewal) 1025 DOKDO CLEANSING WATER\_400ml,1200
RLP01-MRR,\*Renewal (10ea) 1025 DOKDO WARTER GEL MASK SHEET\_30ml,1200
JSMC02-PGRUS,\[US\] \[Renew\]Apricot Blossom Peeling Gel 100ml,1200
BC03-B7,Clean It Zero Original Cleansing Balm 7ml,1200
HETBS02-LFP,Hotel Therapy Body Lotion - (Flower Park) 1.013ml,1200
VTS30-C,GLUCAMUNE CREAM 100ML,1200
cosS56-PATCHB36,Master Patch Basic\_36ea,1200
cosS88-T150,REFRESH AHA BHA VitaminC Daily Toner 150ml,1200
MMP07-MCollaR,(RENEW) (30pcs) Collagen Peptide Vital Mask,1200
G9P12-MR,\[G9\] Self aesthetic rose hydrogel lip patch 5P,1200
VTHS26-S300,PDRN REEDLE SHOT HAIR AMPOULE 300dL,1200
CLIOC32-LIUS,CLIO KILL LASH MASCARA REMOVER,1200
CLIOCM08-I001US,CLIO EXTREME GELPRESSO PENCIL LINER 01 BLACK BROWN,1200
VTP04-M,\[30EA\] CICA RETI-A MASK,1200
VTS04-As4,S4 MOISTURE AMPOULE 30ml,1200
VTS21-Srb300p,RED BOOSTER REEDLE SHOT 300 1ea,1200
VTS29-S1000,TX-TONING ESSENCE 1000 SHOT 30ML,1200
TIRM23-CU25N,MASK FIT RED CUSHION 25N MOCHA,1200
PYS05-SPOTC,ACNE Spot Cream 15ml,1200
MIXS01-I,Bean Eye Cream 20ml,1200
PYS01-CRepairR,\*Renewal Intensive Repair Cream 50ml,1200
TFITM06-CRL,COVER UP PRO CONCEALER 00 light,1200
DBS3-TR,White Truffle Vita Toning Serum Toner 180ml,1200
HETBS01-SFb,Perfumed Mango Seed Butter Hand Cream (Santal Fresh) 50ml,1200
ECM116-E02P,(25AD) Drawing Eyebrow Pro \#2 Gray Brown,1200
NBS02-IC9T,(Tube) No.9 NAD+ Retinal Volumetox Eye Cream 20ml,1200
SES12-CC,Kojic Acid Niacinamide Brightening Capsule Cream 50ml,1200
AbibSM10-SCA,AIRY CLEAR SUNSCREEN GEL SMOOTHING TUBE 30ml,1200
AbibSM10-SCW,WATERY HYALURON SUNSCREEN MOISTURE TUBE 50ml,1200
VTS33-CRP,RETINAL PEPTIDE CAPSULE CREAM 50ml,1200
VTS38-CAA,AZELAIC ACID CARE CAPSULE CREAM 50ml,1200
VTS39-CRC,RICE CAPSULE CREAM 50ml,1200
VTS40-CVA,VITAMIN C ASTAXANTHIN CAPSULE CREAM 50ml,1200
TKBCM07-LEU,\[GL\] LEMON SUGAR SCRUB LIP MASK 20ml,1200
VTP21-Mp100,\[EN\](1EA) PRO CICA REEDLE SHOT® 100 2STEP HYDROGEL MASK,1200
ACS01-MR,Licorice Mist 100ml,1160
TKBCM14-LO01EU,\[GLOBAL\] JUICY BERRY PLUMPING LIP OIL 01 CHILL RED,1150
TKBCM14-LO04EU,\[GLOBAL\] JUICY BERRY PLUMPING LIP OIL 04 BIITER BROWN,1150
STUMA01-B463,Small blush brush 463,1140
KoeP05-FP,\[10ea\]Melting Essence Foot Pack,1140
HETBS02-LLMr,Hotel Therapy Body Lotion - London Musk,1134
EREC18-CT,(MoCRA)(10EA) NO-WASH ONESHOT CLEANSING TISSUE,1130
HETBS02-LMG,"Hotel Therapy Body Lotion - Muhwagwa 1,013ml",1128
STUMA01-BPS,Portable makeup brush set,1125
KAJCM9-SC,PLAY BENTO 00 Sugar Cookie,1125
TIRM23-CU13W,MASK FIT RED CUSHION 13W CREAM,1120
goodalS06-AC10,Green Tangerine Vita C Niacinamide 10 Blemish Ampoule 30ml,1120
HETS04-LIP2,Mango Seed Butter Lip Essence (13g\*2EA),1120
GUHS01-TR,Damage Therapy Hair Treatment EX 220g,1120
HMS20-S,Matcha Biome Oil-Free Calming Gel Moisturizer 100ml,1120
HETBS01-FPb,Perfumed Mango Seed Butter Hand Cream (Flower Park ) 50ml,1120
MMS02-CP,Spicule Retinol PDRN Cream 15g,1110
DRMP15-M,CACTOX COOLING V-UP MASK (4EA),1110
ALSS05-S,Deep Water Surge Serum 30ml,1108
MIXS02-T150,Centella Asiatica Toner 150ml,1105
TKBC04-OCR,\[GL\] Calamine pore Control Cleansing Oil 200ml,1100
AXS04-SDm,(miniature) Dark Spot Correcting Glow Serum 5ml,1100
TKBCM11-L3R,\[Renewal\]Powder Cream Lip Balm 033 Carrot Cake,1100
SBMCM10-LbbUS,\[OTC\] V10 HYAL LIP SUN PROTECTOR BERRY 7ml,1100
SBMCM10-LbrUS,\[OTC\] V10 HYAL LIP SUN PROTECTOR ROSY 7ml,1100
SBMS26-T,RETINOL BAKUCHIOL BUBBLE TONER 100ml,1100
LDSP01-PL,Modeling Mask Cup Pack Pearl 28g,1100
LDSP01-VT,Modeling Mask Cup Pack Vitamin 28g,1100
SBMS15-SC,Snail Truecica Miracle Repair Cream 60g,1100
MIXS01-SR,Bean Essence 50ml,1100
MECUS10-BS,(SEA FREIGHT ONLY) COLLAGEN GLOW BUBBLE SERUM 100ml,1100
SBMC21-FG,Super Matcha Pore Clean Cleansing Gel 100ml,1100
HETBS02-LHWr,Hotel Therapy Body Lotion - Hotel Wood,1092
KAJCM10-DF,DEWY BAR 04 Fig Smoothie,1091
HBUS1-S1eaR,"(renewal) (1ea) Salmon Caring Centella New Pair PDRN Booster 100,000 Shot Essence 5ml",1088
STUMA02-PFB,Pang pang big puff,1080
nooniS09-AWOIL,Applewine Lip Oil 3.7ml,1080
ES55-BC,(21AD) Soonjung Hydro Barrier Cream 130ml,1080
TIRM23-CU31N,MASK FIT RED CUSHION 31N FRENCH BEIGE,1080
IUS07-C,Centella Calming Gel Cream 60ml,1080
VTP28-PKC,REEDLE SHOT EX CICA MODELLING PACK 25g,1080
PTFS01-IM,\[Petitfee\] GOLD\&EGF Eye& Spot Patch,1080
SES03-Mr,(Renew) Deep Collagen Barrier Serum Mist 100ml,1080
OLOMA01-SS10,No-Glue Lash Clear Single Pack Plus Short 10mm,1080
OLOMA01-SS11,No-Glue Lash Clear Single Pack Plus Short 11mm,1080
OLOMA01-SS8,No-Glue Lash Clear Single Pack Plus Short 8mm,1080
OLOMA01-SS9,No-Glue Lash Clear Single Pack Plus Short 9mm,1080
OLOMA01-SW10,No-Glue Lash Clear Single Pack Plus Wide 10mm,1080
OLOMA01-SW11,No-Glue Lash Clear Single Pack Plus Wide 11mm,1080
OLOMA01-SW8,No-Glue Lash Clear Single Pack Plus Wide 8mm,1080
OLOMA01-SW9,No-Glue Lash Clear Single Pack Plus Wide 9mm,1080
HBUMA6-MS,Natural White Clay Relaxing Homecare Gua Sha,1080
GNBP06-GM5,\[5ea\] Glutathione Brightening Ampoule Mask 25ml,1070
ALSS02-S30,Holy Hyssop Serum 30 50g,1070
PYC01-CCDR,\*Renewal Deep Clear Cleansing Balm 100ml,1064
ES55-E130RR,(23AD) Soon Jung 10-Free Moist Emulsion 130ml,1062
PYS01-MoistureCR,(Renewal) Moisture Cream 100ml,1060
PTFS15-IPR,PETITFEE PEP-TIGHTENING EYE CREAM\_MoCRA Package,1060
GFNHS07-WXSW,SEA WATER POMADE 100g,1060
cosS21-CL,Propolis Light Cream 65g,1056
DRMS18-C,NECKLINEPHALT NECK CREAM 20ml,1056
CMXM03-PR35,GLUTATHIONE LONGLASTING TONE-UP CREAM 35ml,1053
RLS01-AR,(Renewal) 1025 DOKDO AMPULE\_45g,1050
MMP07-MHyalR,(RENEW) (30pcs) Hyaluronic Panthenol Hydra Mask,1050
ANS10-MP100,PDRN HYALURONIC ACID HYDRATING CAPSULE MIST 100ml,1050
GNBS01-RB,PDRN Enriched Recovery Balm 50ml,1050
TKBS13-TG,Cica Calming Aqua Toner 200ml,1050
IDCP15-MB,HOT AS SHEET BRIGHTENING,1050
ALSS02-S12,Holy Hyssop Serum 12 30ml,1048
ALOBS01-BTP,korean spa body peeling pad pore control 5ea,1048
DMYCM01-I,Califonia Cherry Pen Eyeliner,1041
RLS03-CR,(Renewal) Mugwort Calming Cream 80ml,1040
HETBS01-BSb,Perfumed Mango Seed Butter Hand Cream (Bombshell) 50ml,1040
RLSM07-SCP,(OTC) PINE CALMING CICA PRIMER SUNSCREEN 50ml,1035
NBS05-C1P,No.1 Pantothenic B5 Active Soothing Cream 80ml,1030
BRMUDP02-MM,RELIEF MUD MASK 110ml,1020
PTFS18-Ibm,B-Glucan Deep Firming Eye Mask,1020
SBMP12-M30,GALACTOMYCES GLUTATHIONE DAILY MASK \[30sheets\],1008
NEEDS01-PR,Daily Toner Pad 80pads,1000
PRS04-SETEP01,EP) Purito Seoul Bamboo Panthenol Cream Set,1000
SESALOC10-WpowderRR,(Renew) MILKY PIGGY HELL-PORE CLEAN UP Enzyme Powder Wash 80g,1000
S1004S03-A,Madagascar Centella Matrixyl 10 Boosting Shot Ampoule 30ml,1000
MECUS08-S,ZERO PORE ONE DAY SERUM 30ml,1000
AbibS20-Tpad,Jericho rose collagen pad firming touch 60pcs,1000
IDCP08-PKC,CHILL MO-MINT 100ml,1000
DRCS09-Ss,(mini) JEJU MATCHA TEA ESSENCE 18ml,1000
FSBS06-HCOr,\[renew\] VISIBLE DIFFERENCE HAND CREAM OLIVE,1000
KoeP11-MHeelM,Rose Petal Heel Mask,1000
SESALOC24-Fpink,Clean Piggy Pink energy Foam Cleansing 120ml,1000
SESALOP18-MrdgsRR,(RENEW) RED GINSENG DEEP POWER RINGER MASK PACK 1 Sheet (MOQ:10),1000
LIVHS02-SR,SCALP:TURN CICA PDRN BRUSH Ampoule 100ml,1000
BLC02-FRB,(Re-branding) MATCHA HYDRATING FOAM CLEANSER 120ml,1000
SBMC28-OC,LACTOSOY SEBUM & BLACKHEAD CLEANSING OIL 200ml,1000
LIVHS03-HC,Repair:TURN GELATO Hair Pack BOUNCY BERRY 200ml,1000
LIVHS03-HCSB,Repair:TURN GELATO Hair Pack SILKY BANANA 200ml,1000
cosS56-PATCHI,Master Patch Intensive\_90pcs,1000
S1004S01-T,Madagascar Centella Toning Toner 400ml,1000
GUHS01-HOUS,(US) Damage Therapy Hair Oil 60ml,1000
DRAS01-CRrj2000,PDRN Reju 2000 Cream 20g,1000
SESALOP18-MhyaRR,(RENEW) HYALURONIC ACID WATER DEEP POWER RINGER MASK PACK 1 Sheet,1000
S1004C01-Ocset,MADAGASCAR CENTELLA DOUBLE CLEANSING DUO (cleansing oil+centella cleansing foam),1000
ECM04-W02A,\[Amazon\] Dear Darling Water Tint \#02,1000
ZRDS01-C80EU,\[EU/GLOBAL\] Intensive Cream 80ml,1000
ZRDS02-C80EU,\[EU/GLOBAL\] Soothing Cream 80ml,1000
ANS13-E,BARRIER REBOOT DAILY MOISTURIZER 100ml,1000
ANS13-CI,BARRIER REBOOT INTENSIVE CREAM 100ml,1000
ANS13-CW,BARRIER REBOOT WATERY GEL CREAM 100ml,1000
SBMC05-BF,BYE BYE BLACKHEAD 30 DAYS MILACLE GREEN TEA TOX BUBBLE CLEANSER 120g,1000
MMP07-MCICAR,(RENEW) (30pcs) CICA Houttuynia Tea Tree Calming Mask,990
STUMA01-B721,Detail eye defining brush 721,990
STUMA01-B442,Angled shading brush 442,990
ALSS05-Cr,Deep Water Surge Soothing Cream 110ml,990
DBS3-SR,Vita Toning Capsule Serum 100ml,980
DBSWT-LB,White Truffle Nourishing Serum Lip Balm 3.6g,980
ALSS04-S,Rice Mucin Glow Serum 30ml,980
PNS01-SrR,Cicamanu 92 Serum 30ml,980
AbibS21-Spad,GLUTATHIOSOME DARK SPOT PAD VITA TOUCH 220ml / 60pads,980
SES09-T,Silk Peptide EGF Intensive Smoothing Toner 300ml,980
KAJCM10-DS,DEWY BAR 02 Strawberry Sorbet,974
BARBS01-FKITR,(Renew) Callus Remover Kit for Feet: Foot File & Peeling Foot Spray,972
DRMS16-S,CALCIUM BONDING SERUM 80ml,972
HC-AloeF,Aloe Facial Cleansing Foam,966
DRMS05-RI,TX Retinalsome Double Effect Eye Cream 40g,961
ARMHS10-CDr180R,(Renew) Rosemary Hair Thickening Conditioner 180ml,960
TIRM23-CU27C,MASK FIT RED CUSHION 27C COOL BEIGE,960
IFromS12-TR,(Renew) Black Rice Toner 150ml,960
cosP34-BL,Balancium Ceramide Lip Butter Sleeping Mask 20 g,960
HMHS23-SP400,RX Amino Biotin Revitalizing Shampoo 400ml,960
NFP08-MHR,\*Renew\* Herb Retinol Relief Mask Pack 30g,960
NFP08-MAR,\*Renew\* AHABHA Balancing Mask Pack 30g 1ea,960
NBP07-MPS5ea,5ea) No.3 Tingle-Pore Softening Sheet Mask,944
ES55-T350rR,Soon Jung PH 5.5 Relief Toner 350ml (23AD),943
MMS02-CC,Spicule Collagen PDRN Cream 15g,940
FUC01-CO,Green Tomato Cleansing Oil 250ml,940
AXS05-CH,Heartleaf My-Type Calming Cream 60ml,936
KAJCM2-SS,CHEEKY STAMP 02 Saucy,935
DMYCM07-LP01,PURE FALLING MOOD LIP POT NO. 01 FIRST SOUNDTRACK 6.5g,924
DMYCM07-LP02,PURE FALLING MOOD LIP POT NO. 02 BLUSH HOUR 6.5g,924
DMYCM07-LP03,PURE FALLING MOOD LIP POT NO. 03 A LITTLE NOTE 6.5g,924
DMYCM07-LP05,PURE FALLING MOOD LIP POT NO. 05 STOLEN KISS 6.5g,924
DMYCM07-LP06,PURE FALLING MOOD LIP POT NO. 06 CUTEST PAIRS 6.5g,924
DMYCM07-LP07,PURE FALLING MOOD LIP POT NO. 07 ENDLESS REPLAY 6.5g,924
DMYCM07-LP04,PURE FALLING MOOD LIP POT NO. 04 POUNDING HEART 6.5g,924
HLSS01-NAT,Niacinamide 2+ Pore Smoothing Toner 205ml,920
PYS50-YSET01R,(Renewal) Miniature 3 type Set,920
HMHS23-TT,RX Amino Keratin Heat Protecting Leave In Treatment 150ml,920
HBUMA6-SPG,(1ea) Premium Soft Cleansing Sponge,912
LGC01-F120,CELLUP MICRO FOAM CLEANSER 120ml,900
EC55-WF250rr,Soon Jung Whip Cleanser 250ml (23AD),900
BentonS01-Tps,sample) SNAIL BEE ULTIMATE TONER1.2g\*4,900
TIRM23-CU29C,MASK FIT RED CUSHION 29C TAUPE BEIGE,900
FSS02-SCW,COLLAGEN WATER FULL MOIST ROLLING EYE SERUM,900
AXS05-P,Panthenol 10 Skin Smoothing Shield Cream 50ml,900
IUS03-T,Tea Tree Relief Toner 200ml,900
PNM01-CU19N,Cicamanu Serum Cushion \#19N (Neutral Porcelain) 15g,900
STU03-MS,Makeup spatula,900
CCBMA02-GC,Eyelash Glue Clear 7g,900
cosC05-OCr,Low pH Niacinamide Micellar Cleansing Water 400 mL,900
TKBCM14-LO12EU,\[EU\] JUICY BERRY PLUMPING LIP OIL 12 CHERRY ADE,900
TKBCM14-LO15EU,\[GLOBAL\] JUICY BERRY PLUMPING LIP OIL 15 CORAL SODA,900
S1004C01-Milk,Madagascar Centella Hyalu-Cica Gentle Cleansing Milk 200ml,900
AXS01-TD,Daily Purifying Treatment Toner 200ml,900
HBUMA8-TW,Unbleached 100% Cotton Face Towel 60ea,900
ECM04-L01,Dear Darling Oil Tint 01,900
DBS01-MB,Double Serum All In One Multi Balm 10g,900
RLP01-PKMenR,(Renewal) 1025 DOKDO MUD PACK\_100ml,900
SES09-C,Silk Peptide EGF Intensive Cream 50ml,890
HETBS02-LCT,Hotel Therapy Body Lotion - Cactus,888
cosSM91-STICK,Airy-Light Clear Suncreen Stick (OTC),884
TKBCM11-LR,\[Renewal\]Powder Cream Lip Balm 031 Rose Burn,884
ARMHS10-RKit,Rosemary Scalp Scaling Trial Kit,882
FSBS06-HCCr,\[renew\] VISIBLE DIFFERENCE HAND CREAM COLLAGEN,880
TIRM30-CR1N,GLIDE & HIDE BLURRING CONCEALER 1 N,880
TIRM30-CR4N,GLIDE & HIDE BLURRING CONCEALER 4 N,880
KAJCM13-RH,JUICY GLASS LIP OIL 01 Rose Hip Spritz,880
DRMS02-IC,Dr.Melaxin RETINOL EYEPHALT EYEBAG CREAM (10g),877
FC200-Wipe,Rice Water Bright CLEANSINGWIPES (2019),872
PYP01-MB,(10ea) Black Tea Revitalizing Mask Pack,872
ARMHS04-TS180,Tea Tree Purifying Shampoo 180ml,870
PTFC18-WM,B-Glucan Enzyme Powder Wash 80g,864
TFITM12-P02R,TRANSLUCENT SET FINISHING POWDER 02 7g (2026),864
GUHS03-T,Algae Therapy No-wash Treatment 150ml,850
SBMS21-S,Super Matcha Pore Tightening Serum 50ml,850
cosC58-Plr,The AHA BHA PHA LHA 35 Peel 30 mL,844
S1004S01-CTR,Madagascar Centella Teatreeca B5 Cream 75ml (2024),840
goodalC06-F25,Green Tangerine Vita C Deep Cleansing Foam (25AD) 150ml,840
goodalS17-S,Black Carrot Vita A Retinal Intense Serum 8.0 (20ml),840
HETBS02-LLM,"Hotel Therapy Body Lotion - London Musk 1,013ml",840
TIRM23-CU40N,Mask Fit Red Cushion 40N Cinnamon,840
TIRM23-CU33N,Mask Fit Red Cushion 33N Macchiato,840
ECM116-E06P,Drawing Eyebrow Pro \#6 Ash Brown,840
HRS09-SF,Rose PDRN Firming Serum 30ml (with Retinal 0.1%),840
HRS09-S,Rose PDRN Soothing Serum 30ml,840
TIRM23-CU22W,MASK FIT RED CUSHION 22W SHEER BEIGE,840
PNM01-CU23W,Cicamanu Serum Cushion \#23W (Warm Sand) 15g,840
TIRM23-CU34W,MASK FIT RED CUSHION 34W TOFFEE,840
CMXC02-Fr,Baking Soda Deep Pore Foam Cleansing 150ml,835
APLBBS04-BL,RETINOL VITAMIN C VITAMIN E BODY LOTION 300ML,832
KAJCM13-RR,JUICY GLASS LIP OIL 02 Raspberry Refresher,831
PRKS01-C,EGF ACTIVE VITAL CREAM 20ml,830
GNBS01-TA70,PDRN VITA Toning Ampoule 70ml,830
CTS09-MCs,Madeca Cream Time Reverse 15ml,820
IUS04-C,Beta glucan daily moisture cream 60ml,820
IDCP08-PKG,GOLD KITTEN REVITALIZING GOLDEN PEEL-OFF MASK 80ml,820
CLIOM01-FCU21nUSr,CLIO KILL COVER FOUNWEAR CUSHION 21N LINEN,820
GUHS02-SS25R,(GB) Sea Salt Therapy Scalp Scaler 250g,820
HBUS1-KIT,Salmon Caring Centella Special Travel Kit Bag,819
PCS04-Sr,(RENEW) 82% HIGH DOSE™ PEPTIDE FORMULA 30ml,816
VTP38-PKGL,GLOW LOCK MASK 100ML,816
HETBS02-LSFr,Hotel Therapy Body Lotion - Santal Fresh,816
FP25-Lpomegranate,\[THEFACESHOP\] Real Nature Pomegranate Mask 20g,810
HRS06-SG,Centella 4% TXA Dark Spot Go Away Serum 30ml,810
HETBS02-Mr,"Hotel Therapy Body Wash (Muhwagwa) 1,013ml",810
SBMP26-M30,Retinol Intense Daily Mask 30ea,808
TIAMS12-SB3R,(Renewal) Vita B3 Source,805
KAJCM12-PF,Jelly Charm 05 Peach Fizz,805
BC03-CCCB100,Clean it Zero Calming Cleansing Balm 100ml,800
NLS05-SETEP01,EP) NINELESS Azelaic Acid Serum Duo Set,800
BentonS04-ECR,Fermentation Eye Cream 30g,800
HLSS01-CH,Waterfull Hyaluronic Cream 50ml,800
HMC01-NewBalm50,All Clean balm 50ml (cleansing balm),800
KAHIS01-MB,Wrinkle Bounce Multi Balm 9g,800
PYC01-F150R,(Renewal) Cleansing foam 150ml,800
HLSMA01-MST,2-in-1 Blackhead Remover Tool,800
HLSS01-CHt,Waterfull Hyaluronic Cream 100ml (TUBE),800
HLSS04-CS,Snail Mucin 88 + Peptide Cream 100ml,800
BARBS01-FS,Callus Remover Peeling Foot Spray100ml,800
HETBS01-UC,Perfumed Mango Seed Butter Hand Cream (Unscented) 50ml,800
HETPA03-DHW,Premium Diffuser - Hotel Wood (500ml\*2ea),800
PTFS04-GNCM,\[Petitfee\] Gold neck cream 50g,800
APLBBS03-BL,COLLAGEN EGF PEPTIDE BODY LOTION 300ML,800
IFromS07-S,Rice Serum 30ml,800
SES02-TP,Blackhead Melting Clear Pad 65g (30pads),800
cosS56-PATCHX,COSRX Master Patch X-LARGE\_10pcs,800
TIRM30-CR2C,GGLIDE & HIDE BLURRING CONCEALER 2 C,800
TIRM30-CR4.5N,GLIDE & HIDE BLURRING CONCEALER 4.5 N,800
TIRM30-CR6O,GLIDE & HIDE BLURRING CONCEALER 6 O,800
HRS04-MI150,Wonder Black Bamboo Mist 150ml,800
PRC14-FEU,From Green Deep Foaming Cleanser 150ml,800
LIVHS01-Smini,(Mini) GROW:TURN EXOSOME Brush Ampoule 30ml,800
VTP21-Mh700,(1EA) HYDROP REEDLE SHOT 700hL 2-STEP MASK,800
FSBS06-HCSr,\[renew\] VISIBLE DIFFERENCE HAND CREAM SNAIL,800
MECUS01-RT,RED TONER 2.0\_NEW 100ml,800
RLS04-SET,BIRCH JUICE TRIAL KIT (Cleanser 30ml + Toner 20ml + Ampoule 10ml + Cream 20ml),800
RLS01-SETT,1025 DOKDO TRIAL KIT (Cleanser 30ml + Toner 20ml + Ampule 10ml + Cream 20ml),800
RLS12-ID,CAMELLIA DEEP COLLAGEN EYE CREAM 30ml,800
FSP06-MARr,VISIBLE DIFFERENCE MASK SHEET ALOE 1ea 27g,800
FSP06-MGTRr,(Renew) VISIBLE DIFFERENCE MASK SHEET GREENTEA SEED (1ea),800
FSP06-MPRr,(Renew) VISIBLE DIFFERENCE MASK SHEET PEARL 1ea 27g,800
FSP06-MRGRr,\[Renew\] (1EA) VISIBLE DIFFERENCE MASK SHEET RED GINSENG,800
HMC01-ACR,All Clean Makeup Remover,800
KAHIS01-Ib,Eye Balm 9g,800
HETBS01-JSFb,Perfumed Mango Seed Butter Hand Cream (Jeju Saryeoni Forest) 50ml,800
SESALOP18-MclgnRR,(RENEW) COLLAGEN DEEP POWER RINGER MASK PACK 1 Sheet (MOQ:10),800
SESALOP18-MegfRR,(RENEW) EGF DEEP POWER RINGER MASK PACK 1 Sheet,800
SESALOP18-MtreeRRR,(RENEW) TEA TREE DEEP POWER RINGER MASK PACK 1 Sheet,800
cosS02-Sr,Advanced Snail Radiance Dual Essence 80ml,800
EC34-BBdeepR,Baking Powder B.B Deep Cleansing Foam 160ml (2021),800
SES09-I,Silk Peptide EGF Intensive Eye Cream 30ml,800
FUSM02-SCO,(OTC) Rice Ceramide Moisture Sun Cream 50ml,800
SESALOP02-3step,Milky Piggy Black Head 3 Step Solution (1ea =1sheet),800
VTP21-Mh100R,\[RENEW\] (1EA) HYDROP REEDLE SHOT 100hL 2-STEP MASK,800
KAJCM13-PP,JUICY GLASS LIP OIL 05 Plum Paloma,782
PNM01-CU19C,Cicamanu Serum Cushion \#19C (Porcelain) 15g,780
PNM01-CU21N,Cicamanu Serum Cushion \#21N (Rosy) 15g,780
MVHS03-BR,Scalp Brush,780
ALSS03-S8,Fresh Red Smoothie Serum 8 30ML,776
DMYCM04-LLP05,2in1 PLUMPY LIP LINER P05 Nasty Mauve,775
DMYCM04-LLP01,2IN1 PLUMPY LIP LINER P01 BLOOM ROSY,775
DMYCM04-LLP02,2IN1 PLUMPY LIP LINER P02 PEONY PINK,775
DMYCM04-LLP03,2IN1 PLUMPY LIP LINER P03 SOFT PEACH,775
DMYCM04-LLP04,2IN1 PLUMPY LIP LINER P04 BRICK WOOD,775
DMYCM04-LLP06,2in1 PLUMPY LIP LINER P06 Dusty Rose,775
SESALOS02-Ew,Moisture Skin Liar Whitening cream 100ml,770
PYS01-ET100,Essence Toner 100ml,770
VTP29-M30,(30EA) TX-TONING DAILY MASK,768
PYS01-PATCHR,\*Renewal (60ea) Black Tea Time Reverse Eye Patch,768
NBC04-OC5,No.5+ Glutathione Vitamin Facial Spa Cleanser 200ml,765
GUHS02-SS25,Sea Salt Therapy Scalp Scaler 250g,760
PRKP01-M5,EGF PDRN ACTIVE SYNERGY MASK 25ml\*5ea,760
DEBBS01-BL400R,\[R\] Daily Moisture Body Lotion 400ml,760
G9C01-foam,White In Milk Whipping foam 120ml,760
RLC01-balm,1025 DOKDO CLEANSING BALM 50ml,760
KoeP05-HP,\[10ea\]Melting Essence Hand Pack,756
KSCS01-CAS,SEOUL 1988 ADVANCED SHOT : RETINAL LIPOSOME 12% + BLACK RICE,750
KSCS01-SCB,SEOUL 1988 BOOSTING SERUM: COLLAGEN COMPLEX 7 + RED GINSENG,750
KAJCM19-JB,JUICY BESTIES,750
ALSS15-MG,Vitamin C Glutathione Skin Booster Mist 100ml,744
CLIOCM13-IS08,CLIO PRO EYE PALETTE AIR 08 LATTE SENIOR,740
goodalP06-SG,GOODAL HEARTLEAF HYALURON SOOTHING GEL MASK,740
EC34-SCRr,Baking Powder Crunch Pore Scrub 200g,740
CCDPA03-AFW,flower diffuser 200ml(6.7oz)/White Jasmine,740
HBUMA6-PF,Baby Skin Big Soft Puff,740
KAJCM11-CS,WINK DAZZLE 02 Champagne Sequin,738
DBHS09-S100,Professional Reparing Hair Perfume Serum 100ml,728
ISC01-COR,SUPER MELTING SEBUM CLEANSING OIL 200ml (2025),720
STUMA01-B365,Screw brush 365,720
STUMA01-B352,Eyebrow brush 352,720
ECM04-WG04,(24AD) Dear Darling Water Gel \#04 Plum red 5g,720
EREM01-CUUS,(OTC) PANG PANG SUN CUSHION PLUS 15g,720
STUMA01-B712,Blending eye brush 712,720
DMYCM05-LR01,Lost Ribbon Blur Tint LR01 Rose Shine 3.3g,720
DMYCM05-LR03,Lost Ribbon Blur Tint LR03 Muted Sunset 3.3g,720
AGE20M04-CU25N,SIGNATURE ESSENCE PACT INTENSE COVER 25N (14G),720
GUHS02-SPr,(GB) Sea Salt Therapy Shampoo 500ml,720
EREM03-STV200,(MoCRA) BLANC COVER CREAM STICK V 200 FAIR,720
IUS10-O,Calendula Complete Cleansing Oil 200ml,720
HMS16-CRMR,Marine Care Deep Moisture Nourishing Melting Cream 55ml,720
STUMA01-B474,Spot concealer brush 474,720
KSCHT01-Cap,SEOUL 1988 BOOSTING BALL : COLLAGEN 100%,720
ISNC02-F,GREEN TEA FRESH CLEANSER 120ml,720
ISNC01-FPH,HYALURONIC ACID LOW-pH CLEANSING FOAM,720
HMS23-SMVG,RX Multi Vitamin Glow Serum 35ml,720
CMXC02-AF,Ji Woo Gae Cica BHA Acne Foam Cleansing 150ml,720
HAUMA01-GS,Ring Gua Sha,720
NBS05-E03,No.3 Bifida Bakuchiol Zero Pore Milky Moisturizer 150ml,715
SELBSB-BM,VOLCANO PPC BODY CREAM 120ml,714
HETMA02-SB,New Deep Clean Shower Ball 4ea,705
ARMHS04-HPTR,(Renew) Tea tree Purifying Tonic 100ml,702
SPUS04-C,Shavik Glacier Cream 70ml,700
AXS04-S,Calamine Pore Contol Capsule Serum 50ml,700
TKBCM09-LR,\[Renewal\]Glow Ritual Lip Balm,700
BODS08-SR,REFRESHING SEA KELP SERUM 30ml,700
GNBS01-HA,PDRN 3% Hyper Boost Ampoule 40ml,700
PYP05-M,ACNE Dressing Mask Pack (1EA),700
PRS08-SPEU,Luminous Ceramide Sleeping Pack 100ml,700
NBS01-AT,No.5 Glutathione TXA Advanced Dark Spot Ampoule Concentrate (10g+0.7g),700
TFITM12-P05R,TRANSLUCENT SET FINISHING POWDER \#05 Baby Pink (2026),696
KAJCM8-WSDB,WINK STAMP \#DARK BROWN,688
NLP26-M6s,My Fit Sheet Mask No.6 PDRN (5ea),680
SBMS27-SR,\[Renew\] BETA PANTHENOL REPAIR SERUM 30ml,675
ALSS11-PATCHR,Retinal Boosting Eye Mask 60EA,675
HETBS02-LSH,"Hotel Therapy Body Lotion - Soosunhwa 1,013ml",672
cosS45-MA,Hydrium Triple Hyaluronic Moisture Ampoule 40ml,672
DRMCM12-LPMA,BP SPICULE PLUMPING LIP SHOT MILD 4ml,672
TFITM12-P01R,TRANSLUCENT SET FINISHING POWDER 01 7g (2026),672
KAHISM02-AFOTC,\[OTC\] Airy Fit Sun Stick 14g,664
NEEDP12-M,Crossbarrier Mask 30sheets,660
IUS07-SC,Centella Relief Sorbet Cream 50ml,660
EC64-LI25,(25AD) Lip\&eye Remover 100ml,660
ECM04-WG05,(24AD) Dear Darling Water Gel \#05 Dracula red 5g,660
DMYCM05-LR02,Lost Ribbon Blur Tint LR02 Wild Berry 3.3g,660
DMYCM05-LR04,Lost Ribbon Blur Tint LR04 Not the Apple 3.3g,660
DMYCM05-LR05,Lost Ribbon Blur Tint LR05 Spill Tea 3.3g,660
DMYCM05-LR06,Lost Ribbon Blur Tint LR06 Needy Toffee 3.3g,660
TIRM23-CU34N,MASK FIT RED CUSHION 34N PECAN,660
CCDPA03-AFB,flower diffuser 200ml(6.7oz)/Black Cherry,660
HETBS02-LMGr,Hotel Therapy Body Lotion - Muhwagwa,651
SPUBS03-BM,Body Mist 200ml,650
BentonMA16-BH,Pore Clear Brush,650
NLP26-M2s,My Fit Sheet Mask No.2 Kojic Acid (5ea),650
LAKCM10-LM,Soothing Prep Lip Mask 10ml,650
TKBCM14-LO03EU,\[GLOBAL\] JUICY BERRY PLUMPING LIP OIL 03 BLACK CHERRY,650
CMXC06-FR,(Renew) Dual Barrier Mild Gel Cleanser 200ml,648
ES55-T200,Soon Jung PH 5.5 Relief Toner 200ml (2021),648
TIRM30-CR3W,GLIDE & HIDE BLURRING CONCEALER 3 W,640
CLIOCM18-CBP01,CLIO PRISM HIGHLIGHTER 01 GOLD SHEER,640
cosS88-C,Refresh AHA BHA VITAMIN C Daily Cream 50ml,640
PNM01-CU17C,Cicamanu Serum Cushion \#17C (Fair Porcelain) 15g,640
ZRDS02-C80US,\[US\] Soothing Cream 80ml,640
TIRM30-CR5C,GLIDE & HIDE BLURRING CONCEALER 5 C,640
PRKP04-GM5,FUSIMEDI REPAIR GEL MASK S 27ml\*5ea,640
IFromS06-IC,(Renew) Ginseng Eye Cream 30ml,640
ISNC20-F,YAM ROOT VEGAN MILK CLEANSER 220ml,640
HETBS02-BMD,Double Shot Perfume Body Mist 120ml - Daisy,640
HETBS01-Hb,Perfumed Mango Seed Butter Hand Cream (Hinoki) 50ml,640
ATPS09-CR,\[Renew\]Face Cream 35ml,636
STUMA01-B711,Base eyeshadow brush 711,630
AXC03-FQ,Quinoa One-Step balanced Gel Cleanser 180ml,630
STUMA01-BS463,Small fan brush 463,630
cosS21-AL,Full fit Propolis Light Ampoule 30ml,630
PRKS07-C,RED X CREAM 18ml,630
OLOMA01-LT,No-Glue Lash L-Type Tweezer,630
OLOMA01-UT,No-Glue Lash U-Type Tweezer,630
ALSS11-ST,TXA Booster Shot 30ml,630
DBCWT-OCR,White Truffle Return Oil Cream Cleanser 160ml,630
NLP26-M1s,My Fit Sheet Mask No.1 Azelaic Acid (5ea),628
NLP26-M5s,My Fit Sheet Mask No.5 Hyaluronic Acid (5ea),628
SPUS04-T,Shavik Glacier Toner 200ml,625
NBC04-OC03,No.3 Bifida Bakuchiol Zero Pore Cleansing Oil 200ml,625
HETBS02-SF,"Hotel Therapy Body Wash ( Santal Fresh) 1,013ml",624
AGE20M04-CU23W,SIGNATURE ESSENCE PACT INTENSE COVER 23W (14G),624
MMBS04-HCb,Bergamot & Pear Hand Cream 50ml,624
KWABS01-BMS,Strawberry Milk Body Lotion 560ml,624
VTP38-PKAL,AZ CARE LOCK MASK 100ML,624
goodalS12-TUS,GOODAL VEGAN RICE MILK MOISTURIZING TONER,620
ZRDBS02-BM200US,\[US\] Soothing Lotion 200ml,620
LIVCM01-KG,GROW:TURN EXOSOME DUAL LASH SERUM 8ml,620
DEBBS04-BLR,\[R\] Mild Moisture Body Lotion 400ml,610
NBP07-M55ea,5ea) No.5 Glutathione Vitamin Concentrated Mask,608
JLMBS02-BTB,PERFUME POWDER SHEET VANILLA PROPOSE 20sheets,605
JLMBS02-BTF,PERFUME POWDER SHEET FULL BLOOM 20sheets,605
JLMBS02-BTP,PERFUME POWDER SHEET WHITE SOAP MUSK 20sheets,605
JLMBS02-BTS,PERFUME POWDER SHEET SUNSET FREESIA 20sheets,605
HETBS02-LSHR,Hotel Therapy Body Lotion - Soosunhwa,603
ACS01-SLR,Licorice Serum 30ml,600
NLS07-S,MELA-PRO Tranexamic Acid Serum 30ml,600
PYP01-MHR,(Renewal) (10ea) Highly Moisturizing Essence Mask Pack,600
TIRCM29-L03,WATERISM GLOW MELTING BALM 03 SAND MOND,600
RLP03-M10R,(Renewal) (10EA) Mugwort Calming Mask,600
PYP01-PKSleepR,(Renewal) Sleeping Mask 120ml,600
cosS58-M,The SkinBarrier Moisturizing Mist 120ml,600
ECM04-L02,Dear Darling Oil Tint 02,600
ECM04-L05,Dear Darling Oil Tint 05,600
TKBCM10-R,Glass Tinted Lip Balm 014 Vanilla Peach,600
TKBCM10-R5,Glass Tinted Lip Balm 015 Candy Apple,600
TKBCM10-R6,Glass Tinted Lip Balm 016 Odd Grape,600
TKBCM10-R7,Glass Tinted Lip Balm 017 Choco Jam,600
BC03-C7,Clean It Zero Calming Cleansing Balm 7ml,600
RLS04-Lip,BIRCH JUICE MOISTURIZING LIP BALM 20g,600
TIRM10-C21N,AI Filter Cushion 21N Ivory,600
TIRM10-C22N,AI Filter Cushion 22N Shell Beige,600
TIRM10-C23N,AI Filter Cushion 23N Sand,600
TIRM10-C29N,AI Filter Cushion 29N Natural Beige,600
TIRM23-CU33C,Mask Fit Red Cushion 33C Hazel,600
LIVHS02-Smini,(Mini) SCALP:TURN CICA PDRN BRUSH Ampoule 30ml,600
APLBS03-A,Collagen EGF Peptide Ampoule Serum 40ml,600
APLBS04-A,Retinol Vitamin C Vitamin E Ampoule Serum 40ml,600
TKBC13-CWPs,Cica Calming Powder Wash 0.6g,600
TKBCM06-LSbm,LEMON SUGAR SCRUB LIP MASK BLISTER 1ml,600
MECUHS11-SP,SOYXIDILL SHAMPOO 490ml,600
CLIOM01-CUM21cUS,CLIO KILL COVER MESH BLUR CUSHION 23N GINGER,600
CLIOM01-CUM21nUS,CLIO KILL COVER MESH BLUR CUSHION 21N LINEN,600
CLIOM01-CUM23nUS,CLIO KILL COVER MESH BLUR CUSHION 23N GINGER,600
IDCMA05-PHB,PANDA HEADBAND,600
HMS55-TCBOX,Weekly Reboot 7-day Kit Skin Challenge Box,600
APLBS1-AS,Glutathione Niacinamide Ampoule Serum 40ml,600
AbibS18-C,SEDUM HYALURON CRÈME - HYDRATING POT 80ml,600
TIRM10-C21C,AI Filter Cushion 21C Cool Ivory,600
TIRM10-C24N,AI Filter Cushion 24N Latte,600
SBMC28-Pl,LACTOSOY MILD BUBBLE PEELING CLEANSER 180ml,600
BODS04-TPSs,Sea Kelp Gel Toner Pad (2ea),600
BODS04-TPVs,Vita Niacinamide Gel Toner Pad (2ea),600
HBUP5-P4ea,\[4ea\] Pot Pore Peptamin Hydro Collagen Mask Pack,600
ARCP02-MN,Botulecare Neck Mask (5ea),600
AXC07-SC\_Pl,PHA Resurfacing Glow Peel 50ml,600
ISNS12-I,TW-REAL EYE CREAM 30ML,600
HLSS01-DC,D-Panthenol Barrier Soothing Cream 80ml,600
FSP05-MAVOrr,\[Renew\] (1EA) REAL COCONUT ESSENCE MASK,600
FSP05-MBrr,\[renew\] (1EA) REAL BAMBOO ESSENCE MASK,600
FSP05-MCOrr,\[RENEW\] (1EA) REAL COCONUT ESSENCE MASK,600
FSP05-MMArr,\[renew\] (1EA) REAL COCONUT ESSENCE MASK,600
FSP05-MOTR,(1EA) REAL OATMEAL ESSENCE MASK,600
FSP05-MSBrr,\[RENEW\] (1EA) REAL SHEA BUTTER ESSENCE MASK,600
LIVHS01-SPR,GROW:TURN 3D Volume Shampoo 200ml,600
RLS04-Cfm,FOR MEN BIRCH JUICE MOISTURIZING CREAM\_75ml,600
RLS04-Em,FOR MEN BIRCH JUICE MOISTURIZING LOTION\_200ml,600
PNM01-CU21C,Cicamanu Serum Cushion \#21C (Cool Rosy) 15g,600
RLS07-PATCHA,PINE CALMING CICA ACNE MICRO SPOT PATCH,600
HP16-Rice,\[Holika Holika\] Pure Essence Mask Sheet RICE 20ml,600
LIVHS01-SS,GROW:TURN EXOSOME Spicule Ampoule 3000 10ml,600
AXS02-AA,Artichoke Intensive Skin Barrier Ampoule 30ml,600
CLIOCM32-KFSUS,CLIO KILL LASH SUPERPROOF MASCARA 10 SHARP CURL,600
FSP05-MPErr,\[Renew\] (1EA) REAL PEACH ESSENCE MASK,600
cosS55-PL,Two in One Poreless Power Liquid 100ml,600
FP25-Laloe,\[THEFACESHOP\] Real Nature Aloe Vera Mask 20g,600
FP25-Lrice,\[THEFACESHOP\] Real Nature Mask Rice 20g,600
SBMS26-SR,RETINOL INTENSE REACTIVATING SERUM 30ml,600
KSCS01-CC,Capsule Cream : Niacinamide 5% + Yuja 50ml,600
DBBSWT-BM,White Truffle Aromatic Body Mist Serum 180ml,600
CMXS02-TP,Ji Woo Gae Cica BHA Blemish Toner Pad (60pads),600
HETBS02-BMA,Double Shot Perfume Body Mist 120ml - Artist,600
HETBS02-BMH,Double Shot Perfume Body Mist 120ml - Hotel Wood,600
HETBS02-BMS,Double Shot Perfume Body Mist 120ml - Santal Fresh,600
goodalS06-TPA,GOODAL GREEN TANGERINE VITA C DARK SPOT CARE PAD ALPHA,600
HMS16-IR,Marine Care Eye Cream 30ml,600
goodalC08-OC,GOODAL HEARTLEAF HYALURON SOOTHING PORE CLEANSING OIL,600
SBMS15-STR,Snail Truecica Miracle Repair Toner 150ml,600
SBMS21-SET,Super Matcha Pore Care Starter Kit,600
MAFSM01-SCNSOTC,(OTC) Matte Airy-Fit sunscreen 50ml,600
RLS10-CR,(Renewal) VITA NIACINAMIDE DARK SPOT CREAM 50ml,600
cosS11-WhiteE,Galactomyces 95 Tone Balancing Essence 100ml,600
SBMS12-C,GALACTOMYCES GLUTATHIONE BRIGHTENING CREAM 40ML,600
MAFP02-M,\[1EA\] Safe me Relief Moisture Mask 15\_25ml,595
BODS01-PT,Skin Refining Mild PHA Toner 150ml,590
PYS01-PMT200R,(Renewal) Mist Toner 200ml,585
PNM01-CU13N,Cicamanu Serum Cushion \#13N (Ivory Pure) 15g,580
FSP03-Tissue,(30ea)ALOE MOISTURE SOOTHING CLEANSING TISSUE,580
HP16-Rose,\[Holika Holika\] Pure Essence Mask Sheet DAMASK ROSE 20ml,580
PRS09-SEU,Pure Vitamin C Serum 60ml,576
GM04-CRL,not dry concealer \#light \#rosysalmon,576
HETPA03-CDHW,Premium Car Diffuser - Hotel Wood (77ml\*2ea),576
HETPA03-CDFS,Premium Car Diffuser - Flower Shop (77ml\*2ea),576
HETPA03-DBCr,Premium Diffuser - Black Cherry (500ml\*2ea),576
PRS01-DC,Hydro Wave Deep Sea Cream 50ml,576
TKBC04-F,Coconut Clay Cleansing Foam 150ml,575
SBMS29-S,SPIRULINA PDRN REPAIR SERUM 50ml,575
HRBS07-BO,Black Bamboo Daily Soothing Body Oil 200ml,570
ALSS15-SG,Vitamin C Glutathione Booster Shot Essence 95ml,570
NFP12-RGM,Rice Pepta Collagen Gel Mask (4ea),562
TFITM06-CRDP,COVER UP PRO CONCEALER 05 deep,560
HETBS01-DS,Perfumed Mango Seed Butter Hand Cream (Daisy) 50ml,560
TIRM30-CR3.5W,GLIDE & HIDE BLURRING CONCEALER 3.5 W,560
TIRM30-CR7N,GLIDE & HIDE BLURRING CONCEALER 7 N,560
PRKS04-A,FUSIMEDI REPAIR SHOT AMPOULE S 10ml,560
GUHS02-TT,Sea Salt Therapy Treatment 235ml,560
HMC20-F,Matcha Biome Amino Acne Cleansing Foam 150g,560
RLS03-SR,(Renewal) Mugwort CALMING SERUM\_50ml,560
LDSP01-CD,Modeling Mask Cup Pack Calendula 28g,550
cosS65-S,PURE FIT CICA SERUM 30ml,549
APLBC1-FC,Glutathione Niacinamide Facial Cleanser 80ml,546
HETPA03-DGF,Premium Diffuser - Grapefruit (500ml\*2ea),544
HETPA03-DFP,Premium Diffuser - Flower Park (500ml\*2ea),542
STUMA01-B321,Small smudge brush 321,540
NLS08-EC,Ever-Youth Dual Effect Eye Cream 20ml,540
KAJCM12-BC,Jelly Charm 03 Berry Colada,540
ATPS03-E200R,\[Renew\]MLE Lotion 200ml,540
DEBBS12-BL400R,\[R\] CeraMD Repair Lotion 400ml,540
ISNS23-SV,HYPER VITAMIN C 23 SERUM\_20ml,540
PNM01-CU27C,Cicamanu Serum Cushion \#27C (Cool Petal) 15g,540
STUMA01-B823,Foundation brush 823,540
STUMA01-RB223,Portable lip brush 223 round,540
PNM01-CU15W,Cicamanu Serum Cushion \#15W (Warm Porcelain) 15g,540
HETBS02-HWr,"Hotel Therapy Body Wash (Hotel Wood) 1,013ml",540
OLOMA01-MC,No-Glue Lash Multi Pack Clear,540
DEBBS12-BWR,\[R\] CeraMD Cream Wash 400ml,540
DRDPS01-CTS,Clinical Texture Turnover Spot Cream 40ml,540
VTS21-CVC,V-MODE CUA SHA CREAM 120ml,540
BPC05-F160,Mung Bean pH-Balanced Cleansing Foam 160ml N2,540
BPP05-PK,Mung Bean Pore Clay Mask 120ml N1,540
HETBS02-BMB,Double Shot Perfume Body Mist 120ml - Bombshell,540
DRMP05-PKW,TX-ASTAXANTHIN Overnight Wrapping Mask,539
ISNS01-M,HYALURONIC ACID WATER MIST 100ML,536
cosS65-K,CICA-7 Relief Kit (3 step),534
SPUCM02-KSr,(Renew) Lashrum Eyelash Enhancing Serum 10g,530
HETPA03-CDBC,Premium Car Diffuser - Black Cherry (77ml\*2ea),528
MMS01-SPR,(RENEW) 6 Peptide complex Serum 30ml,528
TFITM12-P03R,TRANSLUCENT SET FINISHING POWDER \#03 green 7g (2026),528
TFITM12-P04R,TRANSLUCENT SET FINISHING POWDER \#04 lavender (2026),528
ISNP10-PKMR,MUGWORT CALMING CLAY MASK 100ML,528
HETBS02-LMR,"Hotel Therapy Body Wash (London Musk) 1,013ml",522
S1004S01-TH,Madagascar Centella Hyalu-Cica Brightening Toner 210ml,520
ZRDC02-F240US,\[US\] Foaming Cleanser 240ml,520
BPC05-CC,Mung Bean Pore Cleansing Milk Balm 100ml N2,520
BPC05-OC,Mung Bean Cleansing Oil 200ml N3,520
HETPA03-CDHS,Premium Car Diffuser - Hug Soap (77ml\*2ea),514
HETPA03-PEC,Textile Perfume - England Cotton 80ml,512
HETPA03-PFP,Textile Perfume (Flower Park) 80ml,512
HETPA03-PHS,Textile Perfume - Hug Soap 80ml,512
HETPA03-PHW,Textile Perfume - Hotel Wood 80ml,512
HETPA03-PSF,Textile Perfume - Santal Fresh 80ml,512
HETPA03-PSH,Textile Perfume - Soosunhwa 80ml,512
CTS12-SR,\[Renew\] 360º Shot PDRN Active Serum 50ml,510
CCDPA03-AFG,flower diffuser 200ml(6.7oz)/Garden Lavender,510
GUHS04-SPM,Recover Therapy Shampoo EX 500ml,510
KWABS01-BWS,Strawberry Milk Body Cleanser 560ml,504
HETBS02-LHW,Hotel Therapy Body Lotion - Hotel Wood,504
cosBS58-BM,SkinBarrier Moisturizing Cream 450mL,504
HETPA03-CDBS,Premium Car Diffuser - Book Store (77ml\*2ea),504
AGE20M04-CU21N,SIGNATURE ESSENCE PACT INTENSE COVER 21N (14G),504
PRS12-S,Clear Code Superfruit Serum 30ml,504
ATPC05-FR,\[Renew\] Facial Foam Wash 150ml,504
CMXS09-SETEP01,EP) celimax Retinal Booster Double Set,500
MECU05-PB,AGE-R BOOSTER PRO HEAD CASE\_PINK BEAR,500
MECUS20-S,RETINOL NMN BOOSTING SERUM 30ml,500
PY01-PE,Pimple Extractor,500
KSCC01-OCEU,(GLOBAL) Cleansing Oil : Pine Cica 1% + Probiotics 200ml,500
JSMS01-SCRUS,\[US\] Calming serum : Green tea + Panthenol 30ml,500
JSMS01-SRVRUS,\[US\] Revive Serum : Ginseng+Snail Mucin 30ml,500
HLSS01-SA,Antioxidant Glow Facial Essence 40ml,500
LGC01-FG170,CELLUP GEL TO WATER CLEANSER 170ml,500
SESALOS12-CM,Donkey Piggy silky creamy donkey steam moisture milky Cream,500
DBCWT-F,White Truffle Deep Clean Foam Cleanser 80ml,500
CLIOM01-CUM19cUS,CLIO KILL COVER MESH BLUR CUSHION 19C LIGHT,500
CLIOM01-CUM19nUS,CLIO KILL COVER MESH BLUR CUSHION 19N PORCELAIN,500
MECUS01-ECC,RED ERASING CREAM 2.0 100ML,500
TIAMS11-ER,(Rewnal) ANTI-BLEMISH BODY LOTION,500
GNBS02-RG,Laser Vita K Rescue Gel 10ml,500
CLIOCM18-CBP03,CLIO PRISM HIGHLIGHTER 03 FROZEN CRYSTAL,500
CLIOCM18-CBP04,CLIO PRISM HIGHLIGHTER 04 GRACE OPAL,500
MIXS01-S30R,\[Renew\] Bean Essence 30ml,500
SBMSKIT-SET,AHA.BHA.PHA 30 Days Miracle Starter Kit,500
PRS04-CRM,Mighty Bamboo Panthenol Cream 15ml,500
NBS03-TP5R,No.5+ Glutathione Vitamin Concentrated Toner Pads 70pads,500
S1004S01-CH30,Madagascar Centella Hyalu-Cica Moisture Cream 30ml,500
goodalSM06-TS,GREEN TANGERINE VITA C DARK SPOT UV DEFENSE SUN SCREEN 50ml,500
HRS04-C50uR,(Renewal) WONDER Black Rice 10 Hyaluronic Cream 50ml (Unscented),500
ALSC09-OC,Pore Melt Mochi Cleansing Oil 200ml,500
HMM21-P,Moringa Ceramide Pressed Setting Powder,500
SESALOP18-MaquaRR,(RENEW) AQUA DEEP POWER RINGER MASK PACK 1 Sheet,500
SESALOP18-MvitaRR,(RENEW) VITA DEEP POWER RINGER MASK PACK 1 Sheet,500
AbibS22-C,PDRN VOLUME FILL-IT BOOSTER 2.5 TUBE 30ml,500
NLS05-AR,\[RENEW\] A-Control 10% Azelaic Acid Serum 30ml,500
ZRDBS03-BM100EU,\[EU/GLOBAL\] Pimprove Moisturizer 100ml,500
HBUS12-A,Derma Zinc Matcha MX 800K ample 50ml,500
TKBS13-GCR,\[GL\] CICA CALMING GEL CREAM 75ML,500
cosS21-K,Honey Glow Kit (3 step),495
STUMA01-B812,Powder brush 812,495
KAJCM12-CS,Jelly Charm 01 Cherry Spritz,490
MMBS04-HCs,Shea Butter & Rice Bran Hand Cream 50ml,488
SELBSB-BM500R,(Renew) VOLCANO BODY PPC CREAM 500ml,486
RTPYU-PKR,YULMU SKINCLEAN MASK 120g,480
HETBS02-FP,"Hotel Therapy Body Wash (Flower Park) 1,013ml",480
PNM01-CU30N,Cicamanu Serum Cushion \#30N (Rich Beige) 15g,480
EC01-Fr,Moistfull Collagen Cleansing Foam 150g,480
ECM04-WG03,(24AD) Dear Darling Water Gel \#03 Real red 5g,480
ECM61-KF01,(23AD) Dr. Mascara Fixer 01 Natural,480
ECM71-I01R,(24AD) Oh My Line 01 Black 5g,480
APLBBS07-BL,TRANEXAMIC ACID NIACINAMIDE BODY LOTION 300ML,480
MMBS04-HCm,Muguet & Lotus Hand Cream 50ml,480
NFS11-T,Salicylic Acid Toner 150ml,480
nooniS09-AFOIL,Applefig Lip Oil 3.7ml,480
KWABS01-BMP,Peach Milk Body Lotion 560g,480
KWABS01-BWP,Peach Milk Body Cleanser 560g,480
TIRM23-CU30N,MASK FIT RED CUSHION 30N RICH HONEY,480
NFP12-WM,Rice Pepta Collagen Peel-off Wrapping Mask 70g,480
HBUS10-VP3EA,\[3ea\] Single Vita Niacin Pine-Powder 5g,480
APNP05-M,(1ea)PeptideShot Mask,480
PTFP05-GSMM,GOLD\&Snail mask pack 5 sheets,480
ECDHS01-SMB,Rainbow volume S brush (Medium Black),480
nooniS09-ACOIL,Applecherry Lip Oil 3.7ml,480
nooniS09-APOIL,Appleplum Lip Oil 3.7ml,480
nooniS09-APYOIL,Applepeony Lip Oil 3.7ml,480
nooniS09-ABTOIL,Appleblacktea Lip Oil 3.7ml,480
nooniS09-AGOIL,Appleginseng Lip Oil 3.7ml,480
ECM116-E04P,Drawing Eyebrow Pro \#4 Dark Gray,480
ECM116-E05P,Drawing Eyebrow Pro \#5 Gray,480
TIRM23-CU35N,Mask Fit Red Cushion 35N Walnut,480
GNBS07-MS,Squalane 53 Deep Moisture Serum 30ml,480
NFP08-MCR,\*Renew\* Cica Tea Tree Relaxing Mask Pack 30g 1ea,480
OBGC2-SB,BLACKHEAD SCRUB BALM 20g,480
NFP13-GM,Green Tea Cica Collagen Gel Mask (4ea),480
nooniS09-OILbr,Appleberry Lip Oil 3.7ml,480
NFS01-HOCRR,(Renew) Fresh Herb Origin Cream 50ml,480
PNM01-CU13C,Cicamanu Serum Cushion \#13C (Fair) 15g,480
BentonS02-soothinggelR,Aloe Propolis Soothing Gel 100ml,480
nooniS09-ACBOIL,Applecranberry Lip Oil 3.7ml,480
PCS02-AUS,(GLOBAL) 24/7 COLOSTRUM PORE DEFENCE AMPOULE 55ml,480
EC34-PorefoamR,Baking Powder Pore Cleansing Foam 160ml (2021),480
IDCS05-OR,TIMEOUT BLEMISH PATCH ORIGINAL,480
RLS03-TR,(Renewal) Mugwort Calming Toner 300ml,480
HETBS01-DSb,Perfumed Mango Seed Butter Hand Cream (Daisy) 50ml,480
HETBS01-Mb,Perfumed Mango Seed Butter Hand Cream (Muhwagwa) 50ml,480
NRHS01-KHY,CORE REBUILD HYPE FIT HAIR MASCARA,480
MVHS04-SP,SCALP CLARIFYING SHAMPOO 500ml,480
AbibP02-MWJ,LIFTING COLLAGEN WRAPPING MASK JERICHO ROSE FILM 100ml,480
MECUP17-MA3,HYPOCHLOROUS ACID PEEL MASK (3EA),477
AXC03-FPACK,Kojic Yuzu Pack Cleanser 60g,467
HMS16-IRESR,Marine Care Retinol Eye Serum 30ml,465
G9P12-MH,\[G9\] Self aesthetic soft hand mask 5P,464
PNM01-CU45N,Cicamanu Serum Cushion \#45N (Nutmeg) 15g,462
EAM01-CU17NUS,(US) GLOW PIXEL CUSHION \#17N VANILLA 12g,460
SLLBS01-PATCHM,Multi Patch (10ea),460
SLLBS01-PATCHt,Trapezius Patch (10ea),460
HETPA03-DSF,Premium Diffuser - Jeju Saryeoni Forest (500ml\*2ea),456
HETPA03-DTS,Premium Diffuser - La Tulip Shower (500ml\*2ea),456
ATPBS18-BC,Maternity Care Stretch Mark Cream 150ml,456
MMS01-M,Rose Collagen Mist Serum 100ml,455
AXC03-OCWATER,Kojic Yuzu Cleansing Water 250ml,454
RBS21-C,Real Barrier Extreme Cream Light 50ml,452
ECM04-L03U,\[Ulta\] Dear Darling Oil Tint 03,450
ECM04-L05U,\[Ulta\] Dear Darling Oil Tint 05,450
RLBS11-BMR,(Renewal) BABY MILD LOTION 300ml,450
IFromS07-TP,(60ea) Rice Toner Pad,450
STUMA01-BSS,Shading brush set,450
PTFP12-PKM,AGAVE Cooling Hydrogel Face Mask,450
STUMA01-B833,Blush brush 833,450
TKBCM11-L2RO,\#N/A,450
TKBCM11-L3RO,\#N/A,450
TKBCM11-LRO,\#N/A,450
SBMC15-SF,Snail Truecica Miracle Repair Low ph Gel Cleanser 100ml,450
RLC06-FenR,(Renewal) SOYBEAN CLEANSER\_150ml,450
PYS01-ClotionM,Intensive Ceramide Lotion 290ml,448
GM04-CRS,not dry concealer \#sand \#honeysunset,447
APLBS1-FC,Glutathione Niacinamide Facial Cream 55ml,444
CMXC03-F150R,(Renew)Derma Nature Relief Madecica pH Balancing Foam Cleansing 150ml,440
CLIOCM13-IS07,CLIO PRO EYE PALETTE AIR 07 LAVENDER STAFF,440
NGS45-C,HIGH R EXOSOME CREAM 40ml,440
MMC03-FTr,(Renew) Houttuynia Cordata + Tea Tree Cleansing Foam 150ml,440
HMS20-C,Matcha Biome Intensive Repair Cream 50ml,440
GNBC07-PF,Phytology 17 Perfect Cleansing Foam 150ml,440
HBUS3-C,Penta Berry Panthenol Repair Cream 50ml,440
DRMC15-OC,CACTOX PORE RELIEF SCRUB CLEANSING OIL 140ml,440
NGC01-PWR,(Renewal) BIO - PEEL GAUZE WINE 200ml,432
GM04-CRP,not dry concealer \#pink \#white,432
SHAIS01-IC,BANANA Conceal Eye Cream 15g,432
SES6-A,Meoru Podo VitaC Dark Spot Ampoule 30ml,432
ATPS03-E120R,\[Renew\] MLE Lotion 120ml,432
ES01-Ir,Moistfull Collagen Eye Cream 28ml,432
LIVHS02-SP,SCALP:TURN CICA PDRN DEEP CLEAN SHAMPOO 500g,422
HOHC06-BP,Purifying Cleansing Balm 50ml,420
HOHC06-MCB,Midnight Soothing Cleansing Balm 50ml,420
ECM18-CBPK002r,Lovely Cookie Blusher PK002 Grapefruit Jelly (2021),420
ARMHS10-SS3,Rosemary Salt Scrub Shampoo 300g,420
PNM01-CU17N,Cicamanu Serum Cushion \#17N (Fair Vanilla) 15g,420
PNM01-CU25N,Cicamanu Serum Cushion \#25N (Ratan) 15g,420
BDOBS01-BMMP,Milk Protein Cica Soothing Gel Lotion 300ml,420
NLS06-TA,B-Boost 1% Kojic Acid Toner 200ml,420
ZRDS01-C80US,\[US\] Intensive Cream 80ml,420
PNM01-CU33W,Cicamanu Serum Cushion \#33W (Warm Cream) 15g,420
ISNS18-TPAD,(60EA) ONION NEWPAIR CLEAR PAD 250ml,420
TIRM23-CU55N,MASK FIT RED CUSHION 55N ESPRESSO,420
TIRM23-CU37C,MASK FIT RED CUSHION 37C ALMOND,420
SES11-A,PDRN Pink Vitamin Glow Boosting Ampoule 40ml,420
NRHS01-TTCD,CORE REBUILD CONFIDENT DEEP TREATMENT HAIR PACK 290ml,420
AXS04-SPDRN,Triple PDRN Barrier Boost Serum 30ml,420
KP8809704426152HT-A,(HANTEO) ATEEZ - 9th Mini Album \[THE WORLD EP.2 : OUTLAW\] (Random Ver.),418
ISNS11-GFRR,ALOE SOOTHING GEL FRESH TYPE\_300ml,416
HETPA03-DRL,Premium Diffuser - Romantic Lavender (500ml\*2ea),416
ISNS22-T,ULTRA-LOW MOLECULAR HYALURONIC ACID TONER\_300ml,416
BIACM03-I02,LAST AUTO GEL EYELINER 02 JAZZ,415
FS36-T,\[THEFACESHOP\] Rice Ceramide Moisture Toner,405
DRMS05-PT,TX Peeling Toner 150ml,405
KP8809704422031HT-A,(HANTEO) ATEEZ - 7th Mini Album \[ZERO : FEVER Part.3\] (Random 3 TYPE),403
BC03-CBMO180R,Clean it Zero Cleansing Balm Original 180ml (2024),400
BC03-CNCB100,Clean it Zero Nourishing Cleansing Balm 100ml (2024),400
BC03-CPCB100,Clean it Zero Pore Clarifying Cleansing Balm 100ml (2024),400
PKP05-BPK,HOLY BASIL BUBBLE DEEP MASK 90g,400
IUC07-MF,Centella Mild Cleansing Foam 120ml,400
NEEDS17-PATCH,\[12patches\] Patch for Blemishes Colorful,400
MMP07-PKLm,Lemon Niacinamide Glow Wash off Pack 30g,400
HETBS01-WLT,Perfumed Bubble Hand Wash - La Tulip Shower 515ml\*2ea,400
NLC05-FD,A-Control Heartleaf & BHA Cleanser Mini 25ml,400
SBMS15-SETS,Snail Truecica Miracle Repair Starter kit,400
IDCHS07-HC,TAP SECRET 7g,400
EC175-F,PPOYAN Cleansing Foam 150ml,400
MELCM08-L04,Vegan Lip Treatment 04 Berry 15g,400
MIXC25-GC,PDRN Collagen Gel Cleanser 100ml,400
FSC35-F,CITRUS YUJA VITALIZING FOAM CLEANSER 100ml,400
SELSF-C,REJU CALMING PDRN CREAM 30ml,400
KDHS07-SP,AIRY VOLUME HYALURON BLOSSOM BREEZE SHAMPOO 500ML,400
HNCM02-TP001,TRUE DIMENSION RADIANCE BALM TP001 CLEAR 10g,400
TKBCM06-KLMB,COLLAGEN BOOSTING LIP MASK BLISTER 1ml,400
CLIOM01-CU21CrUS,CLIO KILL COVER MESH GLOW ESSENTIAL CUSHION 21C LINGERIE,400
CLIOM01-CU21NrUS,CLIO KILL COVER MESH GLOW ESSENTIAL CUSHION 21N LINEN,400
CLIOM01-CU23NrUS,CLIO KILL COVER MESH GLOW ESSENTIAL CUSHION 23N GINGER,400
CLIOM01-FCU21cUSrr,CLIO KILL COVER FOUNWEAR CUSHION 21C LINGERIE,400
CLIOM01-FCU23nUSr,CLIO KILL COVER FOUNWEAR CUSHION 23N GINGER,400
RLP07-MenR,(Renewal) PINE CALMING CICA MASK SHEET\_27ml,400
IUS08-I,Prpolis Vitamin Eye Cream 30ml,400
TIRS00-SN,NIACINAMIDE 20% SERUM 30ml,400
IFromS08-SA,(Renew) Apricot Dark Spot Drop Ampoule 50ml,400
LBP03-BM,Heart Goggle Brightening Mask 1ea,400
LBP03-MM,Heart Goggle Moisture Mask 1ea,400
HLSS04-T,Snail Mucin + Peptide Facial Toner 205ml,400
ECM61-KSrr,(23AD) Dr.Mascara Fixer For Super Long Lash 6g,400
MIXP02-PK,\[5ea\] centella mask pack 25g,400
ZRDBS03-BM100US,\[US\] Pimprove Moisturizer 100ml,400
OBGHS5-CP,MELLOW CLAY POMADE 100g,400
OBGS2-LR,MOOD CHANGE LIP BALM \#NATURAL RED,400
NLP26-M4s,My Fit Sheet Mask No.4 Tranexamic Acid (5ea),400
NLP26-M7s,My Fit Sheet Mask No.7 Collagen (5ea),400
NLP26-M3s,My Fit Sheet Mask No.3 Niacinamide (5ea),400
HP16-lemon,\[Holika Holika\] Pure Essence Mask Sheet Lemon 23ml,400
HP16-Strawberry,\[Holika Holika\] Pure Essence Mask Sheet STRAWBERRY 20ml,400
HP16-cucumber,\[Holika Holika\] Pure Essence Mask Sheet Cucumber 20ml,400
HMC01-balmM5ml,(Mini) All Clean Balm Mandarin Blister 5ml (cleansing balm),400
HLSS01-SH,Waterfull Hyaluronic Acid Serum 50ml,400
VTS26-C100,PDRN CREAM 100,400
SBMC17-F,YUJA NAIACINE BRIGHTENING ALL-IN-ONE CLEANSER 100ml,400
BltS03-I,Pressed Eye Cream Caffeine 0.1 20ml,400
HMS23-CMV,RX Multi Vitamin Dark Spot Cream 50ml,400
NBS02-T03,No.3 Bifida Bakuchiol Zero Pore Milky Toner Light 200ml,400
HP16-Acaiberry,\[Holika Holika\] Pure Essence Mask Sheet ACAI BERRY 20ml,400
HP16-Greentea,\[Holika Holika\] Pure Essence Mask Sheet Green tea 20ml,400
HP16-Pearl,\[Holika Holika\] Pure Essence Mask Sheet PEARL 20ml,400
HP16-Sheabutter,\[Holika Holika\] Pure Essence Mask Sheet SHEA BUTTER 20ml,400
CMXP01-CM,(Renew) Cica Calming Serum Mask 1ea,400
SESALOS02-S,Milky Piggy Hyaluronic Acid Pure 100 200ml,400
VTP21-Mh300,(1EA) HYDROP REEDLE SHOT 300hL 2-STEP MASK,400
NBS01-S03,No.3 Bifida Bakuchiol Zero Pore Serum 30ml,400
DEBBS12-BCR,\[R\] CeraMD Repair Cream 430ml,400
MIXC20-BTP,Bean Toner Pad \[70 Sheets\],400
ALSP02-M5ea,(5ea) Holy Hyssop Sheet Mask,400
SES02-TPR,Dead Sea Salt LHA Blackhead Melting Out Pad 65g(30pcs),400
SBMP12-M,GALACTOMYCES GLUTATHIONE GLOW SERUM MASK 1EA,400
cosS65-T,PURE FIT CICA TONER 150ml,400
DRDPS01-CFPG,Mineral Free-Peeling Glow Shot 1500 30ml,400
SEHS03-S,Deep Collagen Retinol Power Boosting Scalp Serum 15ml,400
NLS05-Ar,\[RENEW\] A-Control 10% Azelaic Acid Serum 30ml,400
SBMBS27-BMC,BETA PANTHENOL REPAIR BODY CREAM 200ML,400
VTP21-Mh700R,\[RENEW\] (1EA) HYDROP REEDLE SHOT 700hL 2-STEP MASK,400
STUMA01-B423,Velvet powder brush 423,395
goodalS06-AC15,(Renew) GREEN TANGERINE VITA C 15 DARK SPOT CARE AMPOULE 16g,390
AbibS14-Spad,Green LHA Pore Pad Clear Touch 210ml / 60pads,390
SELPF-MF,SU LEU LEU Melting Patch - Face (4ea),384
NGC02-RFFG,\[Neogen\] REAL FRESH FOAM \#Green Tea,384
PYP12-PK,Calming Pore Clear Wash Off Pack,384
PeriPCM48-CB002,PERIPERA SYRUPY TOK CHEEK 02 MILKY LAVENDER,380
PeriPCM48-CB004,PERIPERA SYRUPY TOK CHEEK 04 SUNSHINE FIG,380
PeriPCM48-CB005,PERIPERA SYRUPY TOK CHEEK 05 COOL APPLE,380
CGRCM01-Lmd02,FRUITY GLASS TINT MINI SET 02 WARM BEST SET,380
FLS003-S,Closer Serum 30ml,378
HETPA03-DBCT,Premium Diffuser - Baby Cotton (500ml\*2ea),376
HETPA03-DDS,Premium Diffuser - Daisy (500ml\*2ea),376
HETPA03-DNS,Premium Diffuser - Namsan (500ml\*2ea),376
ECM102-K02Re,(25AD) Curl Fix Mascara 02 Brown 8g,372
ECM102-K04,(24AD) Curl Fix Mascara 04 Volume,372
ECM84-KArR,(23AD) Power Eyelash Ampoule,372
MAFC02-OCMr,Safe me Relief moisture cleansing milk 200ml,370
HETBS01-WFP,Perfumed Bubble Hand Wash - Flower Park 515ml\*2ea,370
CNPP30-IPK,HYDROGEL EYE LIFTING PATCH (4ea),370
FruC04-F,Citrus Brightening Micro Cleansing Foam 145ml,360
STUMA01-RB,Silicone lip brush,360
CTS12-C,Expert Madeca Cream Active Renew PDRN 50ml,360
LCMCM01-L003,OBJET LIQUID 003 STRANGER,360
LCMCM01-L008,OBJET LIQUID 008 DOMINANT,360
LCMCM01-L021,OBJET LIQUID 021 MELTED,360
HRS04-A,Black Rice Botanical 2GF Ampoule 30ml,360
TIRM24-CU17Cre,MASK FIT ALL COVER CUSHION 17C PORCELAIN,360
MIXS26-A,White Rice Peeling Ampoule 100ml,360
MIXS27-A,Black Rice Peeling Ampoule 100ml,360
SNPS91-C55r,Prep Peptaronic Cream 55ml,360
SELSF-T,REJU CALMING PDRN BUBBLE TONER 100ml,360
FUS01-C,Green Tomato Cream 90ml,360
cosP65-M1,\[1EA\] Pure Fit Cica Calming True Sheet Mask 21ml,360
cosS65-C,PURE FIT CICA Cream 50ml,360
ISNS23-SR,HYPER RETINOL EX 1.0 SERUM\_20ml,360
PNM01-CU33N,Cicamanu Serum Cushion \#33N (Moca Cream) 15g,360
ZRDC03-F200US,\[US\] Pimprove Foaming Cleanser 200ml,360
ZRDS03-T200US,\[US\] Pimprove Toner 200ml,360
HNCM02-TP001GL,\[GL\] TRUE DIMENSION RADIANCE BALM TP001 CLEAR 10g,360
ECM116-E07P,Drawing Eyebrow Pro \#7 Light Brown,360
TIRM24-CU23Nre,MASK FIT ALL COVER CUSHION 23N SAND,360
OBGHS5-HW,MATT HARD WAX 120g,360
TIRM24-CU21Nre,MASK FIT ALL COVER CUSHION 21N IVORY,360
PNM01-CU17W,Cicamanu Serum Cushion \#17W (Ivory Warm) 15g,360
PNM01-CU27N,Cicamanu Serum Cushion \#27N (Rich Ratan) 15g,360
PNM01-CU31N,Cicamanu Serum Cushion \#31N (Honey Beige) 15g,360
VTS21-Srb300R,RED BOOSTER REEDLE SHOT 300 50ml,360
TIRM23-CU23N,MASK FIT RED CUSHION 23N SAND,360
cosP45-M1,\[1EA\]Hydrium Triple Hyaluronic Water Wave Sheet Mask,360
CMXS01-AN30R,(Renew) NONI ENERGY AMPOULE 30ml,360
AGE20SM03-SC,(OTC) UV DEFENSE HYDRO CALMING SUNSCREEN 50ML,360
ALSC14-PlE,Eraser Shot Glycolic Acid Exfoliator 200ml,360
ALSS14-CE,Eraser Soothing Cream 50ml,360
HETBS02-SFr,"Hotel Therapy Body Wash ( Santal Fresh) 1,013ml",360
TIRM23-CU17C,MASK FIT RED CUSHION 17C PORCELAIN,360
BRMUDC01-OIL,DEEP MELTING MUD PORE CLEANSING OIL 200ml,360
BRMUDP02-POM,RELIEF MUD PEEL OFF MASK 110ml,360
DRMS01-PC,CEMENRETE CYANO PINK SPICULE CREAM 50g,360
G9P12-MF,\[G9\] Self aesthetic soft Foot mask 5P,360
ECM67-RMC,Reborn Maker \#Cool Shading 1g,360
ECM67-RMW,Reborn Maker \#Warm Shading 1g,360
ES55-balm50R,(23AD) SOONJUNG 10 Panthensoside Cica Balm 50ml,360
PYS05-C,ACNE Cream 50ml,360
PRS02-CE,Wonder Releaf Centella Eye Cream 30ml,360
cosS65-INC,Pure Fit Cica Cream Intense 50ml,357
MIXS02-HCTS,H.C.T. Essence 50ml,352
NSLBS04-BM,Aroma Nut Slim Fit Body Lotion 200ml,350
SELCF-F,PROTEIN AMPOULE CLEANSER 120ml,350
HETPA03-SHW,Multi Fragrance Life Spray - Hotel Wood (300ml\*2ea),350
HRS04-SE,WONDER Black Rice Hyaluronic Anti-Wrinkle Serum 50ml,350
BRMUDP02-STICK,RELIEF MUD STICK MASK 28g,350
CCDPA03-AFA,flower diffuser 200ml(6.7oz)/April Breeze,345
CCDPA03-AFC,flower diffuser 200ml(6.7oz)/Clean Linen,345
CCDPA03-AFL,flower diffuser 200ml(6.7oz)/Lemon Eucalyptus,345
IDCMA05-PHBs,PANDA HEADBAND (with 1mL Sachet),343
KP58501472-A,Stray Kids - 2ND ALBUM \[NOEASY\] (Random Ver.),342
KAJCM11-MS,WINK DAZZLE 06 Mocha Sparkle,342
HETBS01-SF,Perfumed Mango Seed Butter Hand Cream (Santal Fresh) 50ml,340
AXS04-spot,Spot the Difference Blemish Treatment 15ml,340
CTS09-MCZ,Madeca Cream Time Reverse Zero (Season7) 80ml,340
PYBS18-BHCR,(Renewal) Skin Barrier Professional Hand Lotion 50ml,336
TIAMS15-I,Vita A Bakuchiol Firming Eye Cream 30ml,336
ATPBS02-BR,\[Renew\]Top to Toe Wash 300ml,336
EHS69-HD01,Pang Pang Hair Shadow 3.5g \#1 dark brown,336
TFITM12-P2.1,TRANSLUCENT SET FINISHING POWDER 2.1 MEDIUM BEIGE 7g,336
TFITM12-P2.2,TRANSLUCENT SET FINISHING POWDER 2.2 DARK BEIGE 7g,336
KP58501895-A,Stray Kids - 6TH MINI ALBUM \[ODDINARY\] (Random Ver.),334
VTS04-PADr,"(RENEWAL) VT CICA MILD TONER PAD (60ea, 130ml)",334
cosP21-PK,Full Fit Propolis Honey Overnight Mask 60ml,330
KP1210067-A,BTS - 2ND ALBUM REPACKAGE \[You Never Walk Alone\] (2 TYPE Random),330
KP58500693-A,Stray Kids - 1ST ALBUM \[GO LIVE\] (Random Ver.),330
PYBS18-MHCR,(Renewal) Quick Moisturizing Professional Hand Lotion 50ml,330
MVHS01-SP525,ANNURCATIN SHAMPOO 525ml,326
GBM02-BB1,breathable blemish balm \#one,324
FLS008-S,PDRN Bounce Ball Serum 30ml,324
EM16-B11,Lovely Cookie Blusher PK004 Peach Choux Wafers,324
ISNS07-C,C-NIACIN TONING CREAM 50ML,324
NGS21-S,NEOGEN DERMALOGY REAL FERMENT MICRO SERUM 1.01 oz / 30ml,324
goodalS12-CUS,GOODAL VEGAN RICE MILK MOISTURIZING CREAM,320
PeriPCM53-L19US,PERIPERA INK MOOD GLOWY TINT 019 MAUVE CHAOS (HONEY K-OOKIE),320
PeriPCM57-IP008,PERIPERA INK POCKET SHADOW PALETTE 08 STRAWBERRY IN MUTE,320
NLHS10-LS,Root-Biome™ Caffeine Scalp Shampoo,320
TKBS06-LipJELLYP,BLISTER JELLY PACK 1ml\*4ea (Lip mask blister),320
EC175-LI,PPOYAN Lip\&Eye Remover 250ml,320
HLSC01-OC,PORE CLEARING CLEANSING OIL 200ML,320
HETPA03-DFS,Premium Diffuser - Flower Shop (500ml\*2ea),320
PCS01-Cr,(RENEW) PIXCELL BIOM™ 5+ PROBIOTICS REBOOTING CREAM 50ml,320
TIAMS12-TB3R,Vita B3 Mist Toner 200ml,320
DEBSM09-SC,\[OTC\] Everyday Aqua Fit Sunscreen 1.7 fl oz (50ml),320
DRCS12-Lip,VEGAN KOMBUCHA TEA LIP BALM,320
TIRM30-CR8.3O,GLIDE & HIDE BLURRING CONCEALER 8.3 O,320
TIRM30-CR8.7N,GLIDE & HIDE BLURRING CONCEALER 8.7 N,320
HNCM11-R009,RAW GLOW GEL TINT R009 RAW LILAC (24 BLUE DIVE),320
KP1209481-A,BTS - 4TH MINI ALBUM REPACKAGE \[HWA YANG YEON HWA YOUNG FOREVER\] (2 TYPE Random),320
ARMHS10-SA,Rosemary Root Volumizing Scalp Ampoule 20ml,320
VTC21-CPr,(Renew) REEDLE SHOT SYNERGY SPARKLING TONER PAD 200ml,320
AbibS20-T,Jericho rose PHA toner\_skin booster 200ml,320
ZRDBS01-BM200US,\[US\] Intensive Lotion 200ml,320
DEBBS20-BWR,\[R\] AC Control Body Wash 420ml,320
KDHS02-T,Head Spa & Scalp Care+ Scalp Tonic 100ml,320
GUHS01-TRR,(GB) Damage Therapy Hair Treatment EX 220g,320
ISP01-Mr,\[5ea\] NATURAL MILD CLEAR NOSE PACK 3g/4g,320
SELBSB-BWr,LIFTING BODY SCRUD WASH 250ml,320
HMS23-OILRB,RX Retinol Bakuchiol Booster Oil 35ml,320
GUHS01-TRRR,(Renewal) Damage Therapy Hair Treatment EX (GB) 220ml,320
BIACM10-ISP01,BBIA READY TO WEAR EYE PALETTE 01 NUDE BLUSH,320
BIACM10-ISP02,BBIA READY TO WEAR EYE PALETTE 02 MOOD BLUSH,320
HMS16-IRESRR,(renewal) Marine Care Retinol Eye Serum 30ml,320
KP8809962361097-A,JUNGKOOK (BTS) - \[GOLDEN\] (Random Ver.),318
BIACM03-I11,LAST AUTO GEL EYELINER 11 LINEN BEIGE,315
BIACM03-I13,LAST AUTO GEL EYELINER 13 PEANUT BEIGE,315
BIACM03-I14,LAST AUTO GEL EYELINER 14 ALMOND BEIGE,315
MVHS01-SP300US,(GLOBAL) ANNURCATIN SHAMPOO 300ml,312
KP8809848757822-A,NewJeans - 1st EP Album \[New Jeans\] (Bluebook Ver.) (Random),312
ECM90-LG05M,(23AD) Fixing Tint \#05 Midnight Mauve,312
HETPA03-SPL,Multi Fragrance Life Spray - Pure Laundry (300ml\*2ea),310
HETPA03-SSF,Multi Fragrance Life Spray - Jeju Saryeoni Forest (300ml\*2ea,310
HETPA03-STS,Multi Fragrance Life Spray - La Tulip Shower (300ml\*2ea),310
HETPA03-SWS,Multi Fragrance Life Spray - White Shirt (300ml\*2eaa),310
KP58501694-A1,Stray Kids - \[Holiday Special Single Christmas EveL\] (Standard Ver.),309
cosS88-S,Refresh AHA BHA Vitamin C Booster Serum 30ml,308
DRMS09-T,PEEL SHOT GLOW WHITE RICE TONER 200ml,308
STUMA01-B492,Chin shading brush 492,305
NGS27-SP,A-CLEAR Soothing Pink Eraser 15ml,304
PYS06-C,Black Tea Enriched Cream 60ml,304
KP8800344689570MP-A,(MUSICPLANT) BTS - \[ARIRANG\] (2 TYPES Random),304
NEEDBS11-HCH,Sensory Hand Cream \#Heavenly Musk 30ml,300
NEEDS01-GC,Panthenol Water Gel Cream 50ml,300
TIRM23-CU15C,Mask Fit Red Cushion 15C Fair Porcelain,300
DBC04-MBF,Mild Skin Balancing Vegan Cleanser 200ml,300
PYC01-peelingR,(Renewal) Peeling Gel 100ml,300
ECM90-SF09,Soft Fixing Tint \#09 3.5g,300
ECM90-SF11,Soft Fixing Tint \#11 3.5g,300
JSMS05-GELUS,\[US\] Red Bean Water Gel 100ml,300
HETPA03-ODBC,Objet Diffuser - Black Cherry 200ml\*2,300
HETPA03-ODDB,Objet Diffuser - Damyang Bamboo 200ml\*2,300
HETPA03-ODDS,Objet Diffuser - Department Store 1F 200ml\*2,300
BARBS01-CR,(Renew) Callus Remover Magic Stainless Pro Dobule Sided Foot File,300
HETBS02-S,"Hotel Therapy Body Wash (Soosunhwa) 1,013ml",300
HETPA03-ODCT,Objet Diffuser - Cactus 200ml\*2,300
HETPA03-ODEC,Objet Diffuser - England Cotton 200ml\*2,300
HETPA03-ODFG,Objet Diffuser - Flower Gardener 200ml\*2,300
HETPA03-ODHG,Objet Diffuser - Muhwagwa 200ml\*2,300
HETPA03-ODHK,Objet Diffuser - Hinoki 200ml\*2,300
HETPA03-ODMF,Objet Diffuser - Midnight Fog 200ml\*2,300
HETPA03-ODSH,Objet Diffuser - Soosunhwa 200ml\*2,300
MIXC20-BPTP,Bifida Toner Pad \[120 Sheets\],300
MIXS25-C50,PDRN Collagen Cream 50ml,300
MIXS25-IS20,PDRN Collagen Eye Serum 20ml,300
MVHS01-TTUS,(GLOBAL) ANNURCATIN TREATMENT 200g,300
BentonP14-PK,Guava 70 Skin Toner Face Mask Pad 210ml (70pads),300
BentonS12-S,BAKUCHIOL SERUM 35ml,300
FSS12-CLip,REAL COCONUT ESSENTIAL LIP BALM 10ml,300
SEC01-F,Green Tomato Deep Pore Cleansing Ultra Whipping Foam 120g,300
NBS01-S4,No.4 Ceramide AHA Glazed Skin Prep Serum 30ml,300
RTNHS01-SPA,Alpha erguen Shampoo 500ml,300
RTNHS01-TA,Alpha erguen Treatment 500ml,300
KP8809704434409MS-A,(MAKESTAR) ENHYPEN - 7th mini album 'THE SIN VANISH' (3 TYPES Random),300
CCDPA01-AFB,signature reed diffuser 200ml(6.7oz)/Black Cherry,300
CCDPA01-AFH,signature reed diffuser 200ml(6.7oz)/Woody Hotel,300
CCDPA01-AFL,signature reed diffuser 200ml(6.7oz)/Lemon Eucalyptus,300
SPUHS01-STr,(Renew) Scalpy Bubble Tonic 100ml,300
NFS24-T,Uyu Cream Toner 150ml,300
ECDHS01-SMNB,Rainbow volume S brush (Mini Black),300
ECDHS01-SPB,Rainbow volume S paddle brush (Black),300
HMC20-oil,Matcha Biome Perfect Cleansing Oil 150ml,300
ATPS11-CR,\[Renew\]Pathenol Cream 80ml,300
ECDHS01-BRCP,Rainbow volume S brush Compact (Pink),300
ECDHS01-BRMLB,Rainbow volume S brush (Medium Sky Blue),300
ECDHS01-BRPLP,Rainbow volume S paddle brush (Light Purple),300
ECDHS01-BRPNP,Rainbow volume S paddle brush (Neo Pink),300
ECDHS01-SCB,Rainbow volume S brush Compact (Black),300
ECDHS01-SMNP,Rainbow volume S brush (Mini Pink),300
ECDHS01-SMP,Rainbow volume S brush (Medium Pink),300
SESALOM04-SPrimerR,(Renew) Skin Liar Primer 30ml,300
SESALOP10-ACPT,Witch Piggy Hell-Pore ac-guard spot patch 36EA,300
DBP07-VSP,Waterfull Vegan Sleeping Pack 4ml\*12pcs,300
PNM01-CU34N,Cicamanu Serum Cushion \#34N (Neutral Tan) 15g,300
EC55-WF250re,(renew) Soon Jung Whip Cleanser 150ml,300
ECM195-I04,Tear eye liner \#04,300
BODS06-PATCHP,CAVIAR PDRN EYE PATCHES (30ea),300
MMP07-Mblack,(20EA) Premium Idebenon Blackberry Complex Essence Mask,300
FSCM06-KVD,FARMSTAY VISIBLE DIFFERENCE VOLUME UP MASCARA,300
CCDBS09-HNL,Dafume Perfume Hand Cream 60ml\_Lemon Verbena,300
CCDBS09-HNR,Dafume Perfume Hand Cream 60ml\_Rose Tint,300
CCDBS09-HNW,Dafume Perfume Hand Cream 60ml\_White Musk,300
CCDPA01-AFR,signature reed diffuser 200ml(6.7oz)/Refreshing Air,300
CCDPA03-AFF,flower diffuser 200ml(6.7oz)/Flower Garden,300
CCDPA04-AFB,Rose flower diffuser 200ml(6.7oz)/opkg/Black Cherry,300
CCDPA04-AFR,Rose flower diffuser 200ml(6.7oz)/opkg/Rose Perfume,300
CCDPA01-AFF,signature reed diffuser 200ml(6.7oz)/Freesia\&Pear,300
CCDPA01-AFP,signature reed diffuser 200ml(6.7oz)/Pure Cotton,300
CCDPA04-AFA,Rose flower diffuser 200ml(6.7oz)/opkg/April Breeze,300
DEBBS12-BCr,\[R\] CeraMD Repair Cream 430ml,300
SEP03-MC4ea,(4ea) Deep Collagen Cica Teatree Soothing Mask,300
PNM01-CU29C,Cicamanu Serum Cushion \#29C (Cool Sand) 15g,300
PNM01-CU51C,Cicamanu Serum Cushion \#51C (Suede) 15g,300
PNS01-BMR,(Renew)Cicamanu pH Balanced Body Mist 150ml,300
TKBCM14-LO11EU,\[GLOBAL\] JUICY BERRY PLUMPING LIP OIL GLAM MAX 11 HONEY LEMON,300
TKBCM14-LO13EU,\[GLOBAL\] JUICY BERRY PLUMPING LIP OIL 13 CHOCO BERRY,300
TKBCM14-LO17EU,\[GLOBAL\] JUICY BERRY PLUMPING LIP OIL 17 BERRY MILK,300
TIRM23-CU27N,MASK FIT RED CUSHION 27N CAMEL,300
CLIOMA01-PF1,CLIO KILL COVER MESH GLOW ESSENTIAL CUSHION PUFF,300
ES231-CN01,Ginger Sugar Overnight Lip Mask 23g,300
KP8804775467943-A,NCT WISH - 1st Full Album \[Ode to Love\] (WICHU Ver.) (2 TYPES Random),300
ARMBS19-BWPS,Pure & Soft Feminine Wash 170ml,300
HMS09-CsRR,(Renew) Bulgarian Rose Satin Cream 50ml,300
MMS02-CB,Idebenone + Blackberry complex intensive total care cream 70g,300
NBS03-TP03,No.3 Bifida Bakuchiol Exfoliating Toner Pads (70ea),300
S1004S01-CC30,Madagascar Centella Cream 30ml,300
S1004P01-MHC5,\[5ea\] Madagascar Centella Hyalu-Cica Hydrating Mask 23ml,300
S1004P01-MPC5,\[5ea\] Madagascar Centella Probio-Cica Nourishing Mask 23ml,300
AbibS24-C,HYALURONIC BOOM CRÈME WATER TUBE 75ml,300
HETBS02-LSHr,Hotel Therapy Body Lotion - Soosunhwa,300
HLSS01-GEL,Pore Melting Peeling Gel 150ml,300
VTS26-S100,PDRN REEDLE SHOT 100,300
SEC01-FR,Green Tomato Deep Pore Cleansing Ultra Whipping Foam 120g,300
EAST08-GWP,EITHER AND STICKER,300
SESALOP10-PKblk,Hell-pore longolongo gronique black mask pack 100ml,300
cosS58-SRR,(RENEW) The AHA 2 BHA 2 Blemish Treatment Serum 50g,300
LIVHS02-SPR,SCALP:TURN CICA PDRN Deep Clean Shampoo 500ml,300
GUHS01-SPrrr,(Renewal) Damage Therapy Shampoo EX (GB) 500ml,300
KAJCM13-AC,JUICY GLASS LIP OIL 06 Apple Cider,300
KAJCM16-HDR,(Renewal)GLOSS SHOT 03 Honey Drizzle,300
KAJCM16-MTR,GLOSS SHOT 02 Milk Tea,300
HBUMA8-SP,Bleach-free Biodegradable Stretchy 100% Cotton Pads 60ea,300
SES12-A,Kojic Acid Niacinamide Brightening Ampoule 40ml,300
RLC09-F,SOYBEAN PANTHENOL CLEANSER 150ml,300
BIACM11-ISP01,BBIA ESSENTIAL EYE PALETTE 01 YOUR MAUVE,300
DEBBS06-BWR,Creamy Touch Body Wash 400ml,300
HLSS01-S50,All day Vitamin Brightening\&Balancing Facial Serum 50ml,300
AXS01-TPDRN,Triple PDRN Gel Toner 270ml,300
GUHS01-SPrrR,(Renewal) Damage Therapy Shampoo EX (GB) 500ml,300
HLSS01-I,Niacinamide 5+ Dark Circle Correcting Eye Cream 15ml,300
cosS07-TPADB,One Step Original Blemish Pore Clear Pad 100EA,300
KP8809704426152EVT-A,(mokket) ATEEZ - 9th Mini Album \[THE WORLD EP.2 : OUTLAW\] (Random Ver.),298
NBS07-MHA5ea,5ea) No.1 Pantothenic B5 Hyaluronic Active Clear Mask,296
KP8809755506940-A2,Stray Kids - 3rd ALBUM \[★★★★★ (5-STAR)\] (Random Ver.),294
FLS003-TP,Closer Toner Pads 105ml,290
GBM02-BBW,breathable blemish balm \#white,288
TFITM12-P01,TRANSLUCENT SET FINISHING POWDER \#01 White 7g,288
KLVP07-LipPKB,Nourishing Care Lip Sleeping Pack Berry,288
KP8803581204049EV-A,(EVERLINE) ATEEZ - 13th mini album \[GOLDEN HOUR : Part.4\] (DIGIPACK VER.) (8 TYPES Random),288
NBP07-MIS5ea,5ea) No.4 Icy Soothing Sheet Mask,288
HBUS4-A,Pot Pore Tightening Podo Ampoule 52ml,288
MECUHS23-HM30,VANILLA HAIR BODY FRAGRANCE MIST 30ml,287
KP8809704428033-A,ATEEZ - 10TH MINI ALBUM \[GOLDEN HOUR : Part.1\] (Random Ver.),286
KP1208919-A,BTS - 3RD MINI ALBUM \[HWA YANG YEON HWA PT.1\] (2 TYPE Random),284
KP1209233A1,BTS - 4TH MINI ALBUM \[HWA YANG YEON HWA PT.2\] (2 TYPE Random),284
FSS12-CWM,COLLAGEN WATER FULL MOIST CREAM,280
KP34206875-A,ENHYPEN - 1ST ALBUM REPACKAGE \[DIMENSION : ANSWER\] (Random Ver.),280
BPC05-F160US,\[US\] BEPLAIN MUNG BEAN pH-BALANCED CLEANSING FOAM 160ml,280
BPP05-PKUS,\[US\] BEPLAIN MUNG BEAN PORE CLAY MASK 120ml,280
VTS05-S,VT CICA COLLAGEN ESSENCE 30ml,276
STUMA01-B445,Nose shading brush 445,270
AXS04-mSet,The Mini Glow Set,270
BETC05-SC,BHA+ PORE ZERO 30 SECOND EXFOLIATOR 100g,270
KP8800320198928MPSG-A,(MUSICPLANT\_Special Gift) CORTIS - The 1st EP \[COLOR OUTSIDE THE LINES\] (3 TYPES Random),270
PYS01-IR,(Renewal) Eye Cream (1ml X 50ea),270
STUMA01-B713,Point eye smudge brush 713,270
NWS01-SCA2,Calm Ampule Serum 25ml,270
KP8804775458613AP-A,(applemusic) P1Harmony - 9th mini album \[UNIQUE\] (Photobook Ver.) (3 TYPES Random),270
NBS03-TP1,No.1 Centella Re-leaf Green Toner Pad 190ml (70pads),270
CMXS01-MN50R,(Renew) NONI ENERGY AMPOULE MIST 50ml,264
MIXS06-C,Bifida cream 60ml,264
cosS41-CS2,AC Collection Ultimate Spot Cream 30g,264
MIXS04-Lip02,Vegan Melting Lip Balm 02.Dry Rose,260
KP58502326-A2,Stray Kids - 7TH MINI ALBUM \[MAXIDENT\] (Random Ver.),258
HETPA03-DBS,Premium Diffuser - Book Store (500ml\*2ea),256
HETPA03-DHS,Premium Diffuser - Hug Soap (500ml\*2ea),256
HETPA03-DPL,Premium Diffuser - Pure Laundry (500ml\*2ea),256
HETPA03-DWS,Premium Diffuser - White Shirt (500ml\*2ea),256
KP8800261893722-A,KATSEYE - 1st Mini Album \[SIS (Soft Is Strong)\] (2 TYPE Random),256
VTS21-Tr,(Renew)REEDLE SHOT SYNERGY SPARKLING TONER 150ml,256
BIACM01-DC01,READY TO WEAR DOWNY CHEEK 01 DOWNY PINK,255
NLHS10-LA,Root-Biome™ Caffeine Scalp Ampoule,252
KP8800344689587MS-A,(MAKESTAR) BTS - \[ARIRANG\] (Living Legend Ver.),252
EM125-StickDuo01r,play 101 Stick\_contour Duo AD 01 ORIGINAL,252
DDRBS01-BOBM,BRAEK BODY SCRUB 100ml,250
DDRBS01-BODM,THE DAZZLING BODY SCRUB 100ml,250
DDRBS01-BOHM,THE HIDDEN BODY SCRUB 100ml,250
CTS12-I,360º Shot PDRN lifting Eye cream 30ml,250
MIXS04-Lip01,Vegan Melting Lip Balm 01.Clear,250
LAKCM22-L01,Stain Lip Liner 01 Bare Memory 0.7g,250
LAKCM22-L02,Stain Lip Liner 02 Suede Pink 0.7g,250
LAKCM22-L03,Stain Lip Liner 03 Hazelnut Latte 0.7g,250
LAKCM22-L04,Stain Lip Liner 04 Rosy Talk 0.7g,250
LAKCM22-L05,Stain Lip Liner 05 Velvet Hour 0.7g,250
LAKCM22-L06,Stain Lip Liner 06 Mauve Whisper 0.7g,250
LAKCM22-L07,Stain Lip Liner 07 Espresso Temper 0.7g,250
LAKCM22-L08,Stain Lip Liner 08 Burnt Brown 0.7g,250
CLIOCM32-KFB,KILL LASH SUPERPROOF MASCARA 010 SHARP CURL,250
HMS18-CGRR,(Renew) Watermelon Moisture Soothing Gel Cream 110ml,250
cosS41-TM2,AC Collection Calming Liquid Mild 125ml,248
MMC03-FWR,(RENEW) White Collagen cleansing foam 150ml,245
KP1210491-A,BTS - 5TH MINI ABLUM \[LOVE YOURSELF 承 'Her'\] (4 TYPE Random),244
KP58500033A,BTS - 3RD ALBUM \[LOVE YOURSELF 轉 'TEAR'\] (4 TYPE Random),244
KP58500069-A,BTS - 3RD ALBUM REPACKAGE \[LOVE YOURSELF 結 'Answer'\] (4 TYPE Random),244
KP58500208A,BTS - 6TH MINI ALBUM \[MAP OF THE SOUL : PERSONA\] (Random Ver.),244
IUC07-F,Centella Bubble Cleansing Foam 150ml,240
NFS07-PB,Blackhead All Kill Pack,240
PYHS16-SPR,(Renewal) Kids & Baby Shampoo 590ml,240
BRMUDC01-F,RELIEF MUD PACK TO FOAM CLEANSER 110ml,240
ECM90-LG01M,(23AD) Fixing Tint \#01 Analog Rose,240
PeriPCM44-CB026,PERIPERA PURE BLUSHED SUNSHINE CHEEK 26 FLUFFY BERRY,240
PeriPCM57-IP007,PERIPERA INK POCKET SHADOW PALETTE 07 SPRING STRAWBERRIES IN THE SUN,240
PeriPCM62-ESP01,PERIPERA MOOD IN SHADE EYE STICK P01 ICY BREEZE,240
PeriPCM62-ESP02,PERIPERA MOOD IN SHADE EYE STICK P02 SHINING BUBBLE,240
PeriPCM62-ESP03,PERIPERA MOOD IN SHADE EYE STICK P03 LOVEY WAVE,240
PeriPCM62-ESP04,PERIPERA MOOD IN SHADE EYE STICK P04 GLORY BERRY,240
PeriPCM62-ESP05,PERIPERA MOOD IN SHADE EYE STICK P05 GLEAMING DESERT,240
PeriPCM67-LJ001,PERIPERA INK JELLABLE TINT 01 BE APRICOT,240
PeriPCM67-LJ004,PERIPERA INK JELLABLE TINT 04 DANCE WITH WARM,240
CCBMA02-CL,Pink Eyelash Curler,240
ECM04-WG02,(24AD) Dear Darling Water Gel \#02 Cherry red 5g,240
ECM18-CBBE101r,Lovely Cookie Blusher BE101 Ginger Honey Cookie 2021,240
ECM18-CBOR201r,Lovely Cookie Blusher OR201 Apricot Peach Mousse,240
ECM18-CBOR202Rr,Lovely Cookie Blusher OR202 Sweet Coral Candy 2021,240
ES113-JP25,(25AD) SebumSoak Jelly Powder 8g,240
PNM01-CU23N,Cicamanu Serum Cushion \#23N (Nude Sand) 15g,240
PNM01-CU40N,Cicamanu Serum Cushion \#40N (Rich Cocoa) 15g,240
ARCP01-PK,Super Collagen Wrapping Mask 80ml,240
DDRBS01-BOB,BRAEK BODY SCRUB 300ml,240
DDRBS01-BOD,DAZZLING BODY SCRUB 300ml,240
DDRBS01-BOH,THE HIDDEN BODY SCRUB 300ml,240
BETS05-T,BHA+ PORE ZERO Toner 150ml,240
VTS29-T,TX-TONING TONER 200ML,240
BentonS10-CSRR,Centella Cica Spot Cream,240
JLMHS01-OFBR,(Renewal) DAMAGE CARE PERFUME HAIR OIL FULL BLOOM 30ml,240
JLMHS01-OSFR,(Renewal) DAMAGE CARE PERFUME HAIR OIL SUNSET FREESIA 30ml,240
KP8800320199284WM-A,(withmuu) BLACKPINK - 3rd mini album \[DEADLINE\] (2 TYPES Random),240
ES231-LM,GINGER SUGAR LIP MASK 15g,240
TIRM25-CU23N,MASK FIT AURA CUSHION 23N SAND,240
PYC05-F,ACNE Facial Cleanser 120ml,240
MNS18-P,Glutathione 7 Dark spot Serum Patch 30 pcs,240
MNS18-S,Glutathione 7 Dark Spot Serum 30ml,240
PNM01-CU33C,Cicamanu Serum Cushion \#33C (Cool Cream) 15g,240
PNM01-CU35N,Cicamanu Serum Cushion \#35N (Caramel) 15g,240
PNM01-CU37N,Cicamanu Serum Cushion \#37N (Truffle) 15g,240
PNM01-CU57N,Cicamanu Serum Cushion \#57N (Deep Amber) 15g,240
TIRM23-CU34C,MASK FIT RED CUSHION 34C AMBER,240
MMS01-SI,Idebenone + Blackberry Complex Serum 30ml,240
VTS21-Sv300R,VITA-LIGHT REEDLE SHOT 300,240
KDHS05-HM,PROTEIN BONDING CARE HAIR MIST VIOLET MUGUET 150ml,240
KDHS05-TT,PROTEIN BODING YLANG YLANG TREATMENT 250ml,240
ISNS05-TBHC,CHESTNUT BHA 0.9% CLEAR TONER\_200ml,240
TIRM30-CR8W,GLIDE & HIDE BLURRING CONCEALER 8 W,240
KAJCM10-DB,DEWY BAR 01 Berry Sparkler,240
KAJCM10-DC,DEWY BAR 05 Cranberry Cooler,240
KAJCM16-PDR,(Renewal)GLOSS SHOT 04 Pink Drink,240
BIACM10-ISP03,BBIA READY TO WEAR EYE PALETTE 03 DRY FLOWER,240
PNM01-CU47N,Cicamanu Serum Cushion \#47N (Rich Mahogny) 15g,237
KP1208138-A1,BTS - 1ST MINI ALBUM \[O\!RUL8.2?\],235
KP1208348A1,BTS - 2ND MINI ALBUM \[SKOOL LUV AFFAIR\],235
KP58500395-A,Stray Kids - Mini Album \[Clé : LEVANTER\] (Normal Edition),232
DRMHS08-PT,Bondex Protein Bonding Remodeling Clinic 250ml,230
STUMA01-B423F,Velvet powder brush 423F,225
WHFBS01-FC,Luxury Gounbal Foot Cream 110g,225
KP8800344689570MS-A,(MAKESTAR) BTS - \[ARIRANG\] (2 TYPES Random),225
HBUS1-S2eaR,"(renewal) (2ea) Salmon Caring Centella New Pair PDRN Booster 100,000 Shot Essence",224
TFITM06-CRB01,COVER UP PRO CONCEALER B01 CORRECTOR,220
CLIOS103-S,Glazing Milky Essence 120 ml,220
KP1208609-A1,BTS - 1ST ALBUM \[DARK\&WILD\],220
KP8800320198928-A,CORTIS - The 1st EP \[COLOR OUTSIDE THE LINES\] (3 TYPES Random),219
ECM90-SF10,Soft Fixing Tint \#10 3.5g,216
MVHS01-SP525US,(GLOBAL)ANNURCATIN SHAMPOO(525ml),216
SHAIS03-ICR,\*Renewal CAFFEINE SHOT Collagen Eye Cream 30g,216
APLBS1-MS,Glutathione Niacinamide Mist Essence 105ml,216
GNBS05-CHA,Crystral Drop Hydra Booster Ampoule 30ml,216
PYS01-Ir,(Renewal) Eye Cream (1ml X 50ea),216
KP58500012-A,Stray Kids - 1st Mini Album \[I am NOT\] (Random Ver.),216
KP8809704428149-A,ENHYPEN - 2nd Full Album \[ROMANCE : UNTOLD\] (3 TYPE Random),216
HBUMA6-PD,(80ea) Multiway Unbleached Biodegradation 100% Cotton Pad,216
DRMBS13-BM,Dr.Melaxin KOJIC ACID TURMERIC CAPSULE BODY CREAM (200g),216
PTFP26-EM,Cacao Energizing Hydrogel Eye Mask,216
PYS06-T,Black Tea Deep Infusion Toner 130ml,216
SBMP17-M30,\[30ea\] YUJA NIACIN ANTI-BLEMISH DAILY MASK,216
LAKCM10-LG01,Fruity Lip Glotioner \#701Dolly,215
LAKCM10-LG02,Fruity Lip Glotioner \#702Melts,215
LAKCM10-LG03,Fruity Lip Glotioner \#703Apri,215
LAKCM10-LG04,Fruity Lip Glotioner \#704Ruddy,215
LAKCM10-LG05,Fruity Lip Glotioner \#705Toasty,215
LAKCM10-LG06,Fruity Lip Glotioner \#706Stealer,215
LAKCM10-LG07,Fruity Lip Glotioner \#707Tweed,215
LAKCM10-LG09,Fruity Lip Glotioner \#709Vintage,215
KP58500203-A,Stray Kids - Mini Album \[Clé 1 : MIROH\] (Normal Edition) (Random Ver.),212
HRS04-CR,WONDER Black Rice 10 Hyaluronic Cream 90ml,210
HRHS07-O,Black Bamboo Frizz-free Hair Oil 80ml,210
IFromP07-POM,Rice Glow Peel Off Mask 70g,210
KP8809704434416AP-A,(applemusic) ENHYPEN - 7th mini album 'THE SIN VANISH' (FUGITIVES Ver.) (7 TYPES Random),210
DDRBS01-BMD,DAZZLING RADIANT BODY\&HAND LOTION 300ml,210
DDRBS01-BMH,THE HIDDEN SILKY BODY\&HAND LOTION 300ml,210
DDRBS01-BWD,DAZZLING RADIANT BODY\&HAND WASH 300ml,210
DDRBS01-BWH,THE HIDDEN SILKY BODY\&HAND WASH 300ml,210
KP58500856-A,Stray Kids - 1ST ALBUM REPACKAGE \[IN LIFE\] (Random Ver.),210
KP8809929740989-A,BOYNEXTDOOR - 1st Single \[WHO\!\] (2 TYPE Random),210
ARCP04-PK,Hyal B5 Soothing Wrapping Mask 80ml,210
ARCS02-I,Botulcare Wrinkle Solution Eye Cream 15ml,210
GNBS04-TP60,\[60ea\] Melacare Jelly Touch Dual Pad 120ml,210
OBGS2-PZT,Pore Zero Peeling Toner 310ml,210
HRS04-S,WONDER Black Rice Hyaluronic Essence 50ml,210
RLC01-OCRR,\*Renewal 1025 DOKDO CLEANSING MILK\_200ml,210
DBSWT-S,White Truffle Double Layer Revitalizing Serum 30ml,210
cosS45-AA,Hydrium Centella Aqua Soothing Ampoule 40ml,210
PYS16-E590,Kids & Baby Lotion Sweet Orange 590ml,208
MIXC08-F,Master Gentle Recipe Foam Cleaser 150ml,204
KP8800344689570SW-A,(soundwave) BTS - \[ARIRANG\] (2 TYPES Random),204
HS03-original,Good Cera Super Ceramide Cream 60ml,203
HRS04-MI,WONDER Black Bamboo Mist 80ml,200
KDHS01-SPBB,HONEY & MACADAMIA NATURE SHAMPOO BLACKBERRY BAY 500ML,200
KDHS03-TTBB,HONEY & MACADAMIA PROTEIN TREATMENT BLACKBERRY BAY 500ML,200
NEEDBS11-HCR,Sensory Hand Cream \# Rainy Garden 30ml,200
NLS06-A,B-Boost 10% Niacinamide Serum 30ml,200
PKP05-RPK,Red Rice Bubble Deep Mask 90g,200
PKP05-TPK,Turmeric Bubble Deep Mask 90g,200
PYS01-atot,ATO Cream Blue Label(tube) 120ml,200
NGP45-M,(5EA) HIGH G EXOSOME MASK 39g,200
NGS02-S,Neogen Dermalogy Real Bakuchiol Firming Serum 30ml,200
RTAIN-EM,EAR THERAPY ACUPRESSURE PATCH (3-MIX),200
ANS01-T500,HEARTLEAF 77% SOOTHING TONER 500ml,200
AXS04-GYO,Glow Your Ownway Set (Dark Spot Correcting Glow Toner + Vegan Collagen Eye Serum + Dark Spot Correcting Glow Serum + You Glow Compact Mirror),200
HLSS01-SP,All Day Vitamin Pure C 5.5 Glow Serum 30ml,200
CTP05-M3,Madeca Derma Mask III Intensive Formula(10pcs),200
PYS12-S,Calming Moisture Serum 30ml,200
PNS01-Mr,Cicamanu Serum Mist 50ml,200
PYS01-mserumR,(Renewal) Moisture serum 100ml,200
CGRCM05-L04,NUDE BLUR TINT 04 CORAL LIT,200
CGRCM05-L05,NUDE BLUR TINT 05 VINTAGE RED,200
BentonS04-EssenceR,Fermentation Essence 100ml,200
FSP12-EYE,COLLAGEN WATER FULL HYDROGEL EYE PATCH (60 sheets),200
BentonS02-CR,Aloe Hyaluron Cream 50g,200
FSS35-C,CITRUS YUJA VITALIZING CREAM 100g,200
NGC38-OCo,CALMING CICATREE MICELLAR CLEANSING OIL 300ml,200
PYMA01-padR,(Renewal) 1/3 cotton pad 160ea (Pulp-Rayon),200
APLBS1-IC,Glutathione Niacinamide Eye Cream 20ml,200
FSS02-ACH,COLLAGEN\&HYALURONIC ACID ALL-IN ONE AMPOULE,200
TKBCM08-LR,\[Renewal\]Vitamin Nourishing Lip Balm,200
CLIOM01-CU19CrUS,CLIO KILL COVER MESH GLOW ESSENTIAL CUSHION 19C LIGHT,200
CLIOM01-CU19NrUS,CLIO KILL COVER MESH GLOW ESSENTIAL CUSHION 19N PORECELAIN,200
CLIOM01-FCU19cUSrr,CLIO KILL COVER FOUNWEAR CUSHION 19C LIGHT,200
CLIOM01-FCU19nUSr,CLIO KILL COVER FOUNWEAR CUSHION 19N PORECELAIN,200
KP58500265-A,Stray Kids - Special Album \[Clé 2 : Yellow Wood\] (Normal Edition) (Random Ver.),200
KP58700997-A,BTS - 2ND SINGLE ALBUM \[Butter\] (2 TYPE Random),200
KP8809704429085-A,ENHYPEN - 2ND ALBUM Repackage \[ROMANCE : UNTOLD –daydream-\] (2 TYPE Random),200
SNPP92-MA,Prep Vitaronic Ampoule Mask 10pcs\*25ml,200
HRS06-GC,Centella 5% Niacinamide Radiance Gel Cream 90g,200
RTNHS01-HT,Alpha erguen Hair Tonic 150ml,200
TIRC26-OC,HYDRO BOOST ENZYME CLEANSING BALM 120ml,200
SESALOS02-Cpl,Milky Piggy Real Whitening Time Secret Pilling Cream 100ml,200
BentonS03-Seye,Honest Eyelash Serum 10ml,200
BODS08-SH10,HYDRO CERA-NOL SERUM 10ml,200
JLMHS01-TTSFR,(Renewal) DAMAGE CARE PERFUME TREATMENT SUNSET FREESIA 500ml,200
TIAMC09-FSAT,(TUBE) Snail & Azulene Low pH Cleanser,200
NEEDBS11-HCD,Sensory Hand Cream \# Dreamy Desert 30ml,200
MELCM08-L03,Vegan Lip Treatment 03 Pomelo 15g,200
FSBS06-HCAr,\[renew\] VISIBLE DIFFERENCE HAND CREAM ALOE 100ml,200
FSBS06-HCSTr,\[renew\] VISIBLE DIFFERENCE HAND CREAM STRAWBERRY,200
FSBS20-HCCr,\[renew\] PINK FLOWER BLOOMING HAND CREAM CHERRY BLOSSOM,200
GNBS04-MC,Melacare Intensive Cream 50ml,200
GNBS05-ACC,Aquabarrier Ceramide Capsule Cream 50ml,200
GNBS05-ACT,Aquaporin Intense Cream Toner 120ml,200
GNBS07-CC,Cabbage 74 Calming Cream 50ml,200
OBGS2-PZL,Pore Zero Oil Control Lotion 70ml,200
TIAMS01-TR,(RENEWAL) TIAM Vita B5 Toner,200
SESALOP10-NPR,(Renew) hell pore clean up mask,200
TKBHS15-HM01,TOCOBO HEAT PROOF HAIR MIST 01 LOWKEY FAMOUS,200
TKBHS15-HM02,TOCOBO HEAT PROOF HAIR MIST 02 MY DEFAULT,200
CNPS01-A15r,Propolis Energy Active Ample 15ml,200
APLBS02-AS,Salicylic Acid BHA Arbutin Ampoule Serum 40ml,200
KP8800344689594MS-A,(MAKESTAR) BTS - \[ARIRANG\] (Weverse Albums ver.),200
MIXS01-T,Bean Toner 100ml,200
BLC01-FRB,(Re-branding) CICA Barrier Gentle Morning Cleanser 120ml,200
KP1209796-A,BTS - 2ND ALBUM \[WINGS\] (4 TYPE Random),200
KP800036-A1,BTS - 1ST SINGLE ALBUM \[2 Cool 4 Skool\],200
PYC15-COR,\*Renewal Low pH Cleansing Water 290ml,200
CLIOCM93-LGT01US,CLIO CRYSTAL GLAM TINT 01 VINTAGE APPLE,200
BentonCM03-LB,Honest Honest Lip Balm 10ml,200
BentonS20-TR,DEEP GREEN TEA TONER 150ML,200
ISNS07-A,C-NIACIN TONING AMPOULE 50ML,200
HSPHS01-TT300,TREATMENT PARANNUN BLACK HAIR PACK 300ml,200
HSPHS02-TT310,TREATMENT THE PREMIUM 310ml,200
NLS05-C,A-Control Azelaic Acid Cream 50ml,200
CMXS01-AN10,\*mini\* Noni Energy Repair Ampoule 10ml,200
LIVHS01-SPRR,(Renewal) GROW:TURN 3D Volume Shampoo 200ml,200
BARA01-P,Feather Sorht Silicon Heel Socks,200
CMXP01-CM10,(Renew) The Real Cica Calming Serum Mask 10ea/set,200
WHFS03-CC,Collagen Cream 25g,200
WHFS03-VC,Vitamin C Cream 25g,200
DEBBS20-BMLR,\[R\] AC Control Body Lotion 400 ml,200
PYS01-LSR,(Renewal) ATO MOISTURIZING SOOTHING GEL LOTION 150ml,200
HMC01-ACWCFR,(Renew) All Clean White Clay Foam 150g (cleansing foam),200
HMS23-CRBE,RX Retinol Bakuchiol Eye Cream 30ml,200
MIXC20-CTP,Centella Toner Pad \[120 Sheets\],200
KDHS02-SPCB,CAFFEINE SHAMPOO CHERRY BLOSSOM 500ml,200
KDHS02-TT,HEAD SPA & SCALP SCALING CAFFEINE WATER TREATMENT,200
KDHS03-TTCB,HONEY & MACADAMIA PROTEIN TREATMENT CHERRY BLOSSOM 500ML,200
RLS07-SETT,PINE CALMING CICA TRIAL KIT (Cleanser 30ml + Toner 20ml + Ampoule 10ml + Cream 20ml),200
BIACM12-I01,LAST PEN EYELINER 01 SHARPEN BLACK,200
BIACM12-I03,LAST PEN EYELINER 03 CHOCO BROWN,200
APLBHS17-SS,DAILY SOLUTION SCALP SERUM 40ML,200
APLBHS18-S,INTENSIVE BOOSTER SCALP SERUM 40ML,200
ECM999-I03r,Tear eye liner \#03,195
CCDPA03-AFV,flower diffuser 200ml(6.7oz)/Cashmere Vanilla,195
KP58500119-A,Stray Kids - Mini Album Vol.3 \[I am YOU\] (Random Ver.),194
APLBS03-C,Collagen EGF Peptide Facial Cream 55ml,192
ATPBS18-BOil,Maternity Care Massage Oil 120ml,192
CNPS01-IEC,PROPOLIS ESSENCIAL EYE CREAM 50ml,192
HRC06-CCB,Centella Sunflower Makeup Melting Cleansing Balm 100g,192
KP8809704426770-A,ENHYPEN - 5TH MINI ALBUM \[ORANGE BLOOD\] (Random Ver.),192
KAJCM11-PS,WINK DAZZLE 03 Peach Sprinkle,192
APLBS07-C,Tranexamic Acid Niacinamide Facial Cream 55ml,192
ALSS04-S30,Rice Mucin Glow Serum 30 50g,189
KP58500067-A,Stray Kids - Mini Album Vol.2 \[I am WHO\] (Random Ver.),182
GNBS06-VSA,Glutathione Vita Glow Spicule Shot 30ml,182
LCMCM01-L001,OBJET LIQUID 001 BARELY,180
LCMCM01-L004,OBJET LIQUID 004 AFFECTION,180
LCMCM01-L006,OBJET LIQUID 006 NOTABLE,180
LCMCM01-L016,OBJET LIQUID 016 AFTER,180
ECM133-IB,Proof 10 Gel Pencil Liner \#1,180
ECM90-SF02,Soft Fixing Tint \#02 3.5g,180
ECM90-SF03,Soft Fixing Tint \#03 3.5g,180
ECM90-SF06,Soft Fixing Tint \#06 3.5g,180
TIRM23-CUM21W,\[MINI\] MASK FIT RED MINI CUSHION 21W NATURAL IVORY,180
KP8809888411234UVC-A,(hellolive\_Unit video call) XLOV - 1st mini album \[UXLXVE\] (2 TYPES Random),180
TIRM23-CU28N,MASK FIT RED CUSHION 28N OAT,180
TIRM23-CUM17N,\[MINI\] MASK FIT RED MINI CUSHION 17N VANILLA,180
TIRM23-CUM17W,\[MINI\] MASK FIT RED MINI CUSHION 17W FRENCH VANILLA,180
TIRM24-CU25N,MASK FIT ALL COVER CUSHION 25N MOCHA,180
TIRM25-CU24N,MASK FIT AURA CUSHION 24N LATTE,180
LBS01-YC,YUZU VITA C Cream 50ml,180
PeriPCM33-L016US,PERIPERA INK VELVET 16 HEART FUCHSIA PINK,180
PeriPCM33-L017US,PERIPERA INK VELVET 17 ROSY NUDE,180
PeriPCM33-L024US,PERIPERA INK VELVET 24 MILKY NUDE,180
PeriPCM33-L040US,PERIPERA INK VELVET 40 CALM ROSY,180
PeriPCM33-L041US,PERIPERA INK VELVET 41 COOL OFF ROSY,180
PeriPCM33-L045US,PERIPERA INK VELVET 45 PINK BEIGE NUDE,180
KP8803581204032AP-A,(applemusic) ATEEZ - 13th mini album \[GOLDEN HOUR : Part.4\] (3 TYPES Random),180
KP8803581204100MS-A,(MAKESTAR) ATEEZ - 13th mini album \[GOLDEN HOUR : Part.4\] (POCAALBUM VER.) (3 TYPES Random),180
TIRM23-CUM13W,\[MINI\] MASK FIT RED MINI CUSHION 13W CREAM,180
TIRM23-CUM33W,\[MINI\] MASK FIT RED MINI CUSHION 33W GINGER,180
IFromP06-GMR,(Renew) Ginseng Mask 70ml,180
STUMA01-B323,Small blending eye brush 323,180
ECM158-L09,Overglowy Tint \#9 fake red,180
ECM162-SB01,Heart pop blusher \#Lovely frappé 4g,180
ECM04-L03,Dear Darling Oil Tint 03,180
TIRM25-CU21N,MASK FIT AURA CUSHION 21N IVORY,180
IFromC09-SC,(Renew) Fig Scrub Mask 70g,180
TIRM23-CUM24N,\[MINI\] MASK FIT RED MINI CUSHION 24N LATTE,180
PNM01-CU40C,Cicamanu Serum Cushion \#40C (Cocoa) 15g,180
KP58501129A1,BTS - SPECIAL ALBUM \[BE\] (ESSENTIAL EDITION),180
KP8809929743386-A,NewJeans - 2nd EP Album \[Get Up\] (THE POWERPUFF GIRLS X NJ Box ver.) (2 TYPE Random),180
EC55-CW,(23AD) Soonjung Cleansing Water 320ml,180
ECM158-L02,Overglowy Tint \#02,180
ECM158-L03,Overglowy Tint \#03,180
ECM160-G02,Glaze Plump Gloss \#2 4g,180
ECM90-LG20M,(24AD) Fixing Tint \#20 Pink Fig,180
HSPHS01-TT,TREATMENT PARANNUN BLACK HAIR PACK 200ml,180
HSPHS07-SP60,BLOOMING MASIC HAIR STYLER 60ml,180
HSPHS02-TT,TREATMENT THE PREMIUM 210ml,180
HSPHS07-SP,BLOOMING MASIC HAIR STYLER 160ml,180
MMBS04-BM,Shea Butter & Rice Bran Body Cream 250ml,180
ATPHS04-SPR,\[Renew\]Mild Shampoo 300ml,180
DRMS15-CC,Cactox Pore Relief Dual Capsule Cream 65g,180
KAJCM2-SC,CHEEKY STAMP 01 Coy,180
KAJCM2-SF,CHEEKY STAMP 04 Feisty,180
LAKCM25-PTL901,Perfect Twin Lip \#901 True Peach,180
LAKCM25-PTL902,Perfect Twin Lip \#902 Busy Coral,180
LAKCM25-PTL903,Perfect Twin Lip \#903 Nude Odd,180
LAKCM25-PTL904,Perfect Twin Lip \#904 City Pink,180
LAKCM25-PTL905,Perfect Twin Lip \#905 Rosy High,180
LAKCM25-PTL906,Perfect Twin Lip \#906 Salty Fig,180
LAKCM25-PTL907,Perfect Twin Lip \#907 Gentle Rose,180
LAKCM25-PTL908,Perfect Twin Lip \#907 Gentle Rose,180
LAKCM25-PTL909,Perfect Twin Lip \#909 Guilty Mauve,180
LAKCM25-PTL910,Perfect Twin Lip \#910 Boss Cherry,180
BIACM11-ISP02,BBIA ESSENTIAL EYE PALETTE 02 YOUR PEACH,180
BIACM01-DC02,READY TO WEAR DOWNY CHEEK 02 DOWNY PEACH,175
BIACM01-DC06,READY TO WEAR DOWNY CHEEK 06 DOWNY FIG,175
KP8809932174948-A,MONSTA X OFFICIAL LIGHT STICK Ver.3,170
BentonBS58-SH,HANJI BODY WASH TOWEL,170
APLBS1-TP,Glutathione Niacinamide Toner Pad (60 pads),168
KP49801179-A1,Stray Kids - Debut Album \[Mixtape\],168
TIRS11-LipOR,MY GLOW LIP OIL ROSY 5.7ml,160
HETBS01-BS,Perfumed Mango Seed Butter Hand Cream (Bombshell) 50ml,160
AOUCM05-IB02US,\[US\] PINPOINT EYEBROW BALM 02 Milk Chocolate,160
CLIOM01-MCU2MUS,CLIO KILL COVER MESH GLOW CUSHION 21C LINGERIE,160
CLIOM01-MCU3MUS,CLIO KILL COVER MESH GLOW CUSHION 21N LINEN,160
cosSM59-SC,Vitamin E Vitalizing Sunscreen 50ml (OTC),160
HMC01-NewBalm50M,All Clean balm Mandarin 50ml (cleansing balm),160
TIRM30-CR7.5W,GLIDE & HIDE BLURRING CONCEALER 7.5 W,160
CCDPA07-AFB250,Room Spray 250ml/Black Cherry,160
CCDPA07-AFF250,Room Spray 250ml/Forest Dawn,160
CCDPA07-AFG250,Room Spray 250ml/Garden Lavender,160
CCDPA07-AFW250,Room Spray 250ml/Woody Hotel,160
MELCM01-L02,Vegan Lip Butter \#02 Nudy Rose,160
GFNCM06-L01,RIPLE LIP™ HANDSOME LIP 4.3g,160
GFNCM06-L02,TRIPLE LIP™ COLOR LIP 4.3g,160
GFNCM06-L03,TRIPLE LIP™ NAKED 3.9g,160
GFNCM06-L04,TRIPLE LIP™ LIP SENSE 4.3g,160
KP8803581204049AP-A,(applemusic) ATEEZ - 13th mini album \[GOLDEN HOUR : Part.4\] (DIGIPACK VER.) (8 TYPES Random),160
TIRCM29-LGM07,\[MINI\] WATERISM GLOW TINT 07 CASSIS PLUM 1.8g,160
IFromS06-SR,(Renew) Ginseng Serum 30ml,160
MELCM01-L01,Vegan Lip Butter 01. Agave (Clear),160
MELCM01-L11,Vegan Lip Butter 11. Autumn Rain,160
FSS35-E,CITRUS YUJA VITALIZING EMULSION 280ml,160
NFP01-MHR,Fresh Herb Origin Daily Mask pack 30 sheets,160
NBS10-P100,No.1 Pantothenic Skincare 100 Powder 7g,160
MIXS10-PATCH,Spot Clean Care Patch 84ea,160
ARMBS17-Oseren,Serene Body Oil\_Lavender & Marjoram 100ml,160
HRS04-O,WONDER Black Rice Facial Oil 30ml,160
HRS06-S,Centella 3% PHA Gentle Liquid Exfoliating Serum 120ml,160
GM04-CRB,not dry concealer \#pale \#blushbeige,159
GM04-CRT,not dry concealer \#sable \#toffeedrip,159
GM04-CRW,not dry concealer\#sol \#wildamber,159
HBUS10-VA,Single Vita Dark Spot Pine-Ampoule 50ml,155
KDHS05-TTNO,PROTEIN BONDING CARE NO WASH TREATMENT VIOLET MUGUET 130ml,155
cosS34-LP,Refresh AHA BHA Vitamin C Lip Plumper 20 g,154
PYS01-T,Mist toner 100ml,154
CCDBS07-HNL,Dafume Perfume Hand Wash 500ml\_Lemon Verbena,152
CCDBS07-HNR,Dafume Perfume Hand Wash 500ml\_Rose Tint,152
EAM01-CU21NUS,(US) GLOW PIXEL CUSHION \#21N NATURAL 12g,150
EAM01-CU225PUS,(US) GLOW PIXEL CUSHION \#22.5P DAWN 12g,150
EAM01-CU23NUS,(US) GLOW PIXEL CUSHION \#23N SAND12g,150
EAM01-CU23PUS,(US) GLOW PIXEL CUSHION \#23P AMBER 12g,150
EAM01-CU24PUS,(US) GLOW PIXEL CUSHION \#24P SUEDE 12g,150
EAM01-CU255PUS,(US) GLOW PIXEL CUSHION \#25.5P TAN 12g,150
EAM01-CU25PUS,(US) GLOW PIXEL CUSHION \#25P HONEY 12g,150
KP8800331139903-A,YEONJUN (TXT) - 'NO LABELS: PART 01' (Figure Ver.),150
RLC01-OCb,1025 DOKDO CLEANSING BALM\_100ml,150
MMBS04-HC3,Seoul Edition Hand Cream Trio Set (50mlx3ea),150
SHAIP04-M,\[1ea\] REPAIR MILKY Urea Cream Gel Mask,150
CCDPA01-AFG,signature reed diffuser 200ml(6.7oz)/Garden Lavender,150
CCDPA01-AFW,signature reed diffuser 200ml(6.7oz)/White Jasmine,150
FSS33-TPad,TEA TREE BIOME CALMING TONER PAD,150
KP8809704432498-A,ENHYPEN - 6th mini album \[DESIRE : UNLEASH\] (3 TYPES Random),150
KP8809888411234-A,XLOV - 1st mini album \[UXLXVE\] (2 TYPES Random),150
KP8809929743379-A,NewJeans - 2nd EP Album \[Get Up\] (Bunny Beach Bag ver.) (6 TYPES Random),150
LBS01-TP,YUZU VITA C Ampoule Pad 150ml (80pcs),150
CTC13-PG,Madeca Matcha Toning Peeling Gel 150ml,150
ARMBS17-BM,Serene Body Lotion Lavender & Majoram 300ml,150
ARMBS17-BWLM,Serene Body Wash Lavender & Marjoram 300ml,150
ARMBS36-BLNP,Embrace Body Lotion Neroli & Patchouli 300ml,150
ARMBS36-BWNP,Embrace Body Wash Neroli & Patchouli 300ml,150
IFromC09-GPC,(Renew) Fig Soft Cleansing Balm 100ml,150
FSS09-HC,DR-V8 SOLUTION CREAM(HYALURONATE) 50g,150
CCDPA04-AFG,Rose flower diffuser 200ml(6.7oz)/opkg/Garden Lavender,150
HBUM3-CR13,Penta Berry Panthenol Repair Concealer 13 Ivory 8.5g,150
HBUM3-CR17,Penta Berry Panthenol Repair Concealer 17-21 Vanilla 8.5g,150
HBUM3-CR22,Penta Berry Panthenol Repair Concealer 22-23 Beige 8.5g,150
GBM02-BBB,breathable blemish balm \#brown,144
KPSKZV2-A,Stray Kids OFFICIAL LIGHT STICK Ver.2,144
cosS36-E,The Ceramide Skin Barrier Moisturizer 80ml,144
TFITM12-P02,TRANSLUCENT SET FINISHING POWDER \#02 skin beige 7g,144
IFromS07-T,Rice Toner 150ml,144
cosS41-TI2,AC Collection Calming Liquid Intensive 125ml,144
MMS01-SHR,Multi Hyaluronics Serum 30ml,144
BYC02-OC,Vinoberry Blended Cleansing Oil 150ml,144
DRMS09-SR,Dr.Melaxin PEEL SHOT RICE SERUM (30ml),144
NGC02-RFFH,REAL FRESH FOAM \#Heartleaf,144
NGS33-C,PROBIOTICS YOUTH REPAIR CREAM 50g,144
PYBS16-BW,Kids & Baby Wash Sweet Orange 590ml,144
KP34206436-A,ENHYPEN - Mini Album Vol.2 \[BORDER : CARNIVAL\] (Random Ver.),144
NBC04-FDC,No.2 Deep Clean Fresh Cream Cleanser 120ml,144
NBS01-S06,(RD) No.6 Deep Sleep Mask Serum 50ml,144
CCDPA07-AFB,Room Spray 80ml/Black Cherry,142
CCDPA07-AFF,Room Spray 80ml/Forest Dawn,142
CCDPA07-AFG,Room Spray 80ml/Garden Lavender,142
CCDPA07-AFW,Room Spray 80ml/Woody Hotel,142
KP8809704434409MSS-A,(MUSINSA) ENHYPEN - 7th mini album 'THE SIN VANISH' (3 TYPES Random),141
KP8809954224836MS-A,(MAKESTAR) Stray Kids - SKZ IT TAPE 'DO IT' (IT VER.) (Standard VER.),140
EAM01-CU17P,GLOW PIXEL CUSHION \#17P PORCELIN 12g,140
EAM01-CU21P,GLOW PIXEL CUSHION \#21P ROSY 12g,140
KP8809704434416MS-A,(MAKESTAR) ENHYPEN - 7th mini album 'THE SIN VANISH' (FUGITIVES Ver.) (7 TYPES Random),140
VTBS21-HNM,REEDLE SHOT NOURISHING HAND MASK,140
ARCS01-M,Super Collagen Ampoule Mist 80ml,140
ARCS02-S,Botulcare Synergy Serum 70ml,140
ARCS03-A,Cica Repair Pantenol Ampoule 40ml,140
FSP12-SPK,COLLAGEN WATER FULL MOIST SLEEPING MASK (10g\*20),140
MMS14-ISETR,(RENEW) Glutathione Eyecream Special Set (Eye Cream 30g 1EA+Miniature 2EA),140
STUMA01-B453,Big fan brush 453,135
DRMS14-C,Facephalt Tightening Cream (50ml),135
IFromC09-F,(Renew) Fig Foam Cleanser 150ml,135
BentonC20-F,DEEP GREEN TEA Cleansing Foam 120g,130
HOHCM04-CB08,Moist Ampoule Blusher 08 Berry Purple 20ml,130
DRCP12-GM,(1ea) Vegan Kombucha Tea Essence In Gel Mask,130
NFS20-SR,(Renew) PINK AHABHA Serum 50ml,125
BODS02-HA,Hydro Cera-nol Ampoule 50ml,125
KP8800344689570ALD-A,(ALADIN) BTS - \[ARIRANG\] (2 TYPES Random),125
KP8803581204032DMM-A,(DEAR MY MUSE) ATEEZ - 13th mini album \[GOLDEN HOUR : Part.4\] (3 TYPES Random),122
KP8803581204032HL-A,(hellolive) ATEEZ - 13th mini album \[GOLDEN HOUR : Part.4\] (3 TYPES Random),122
LGS02-CD60,(Renewal) CELLUS DEEP MOISTURE CREAM 60ml,120
NEEDS04-TP,Cicachid Chilling Pad 70pads,120
PDLS04-BAC,BAM COLLAGEN UNBELI - BUBBLE AMPOULE 115ml,120
BentonP10-MR,\[10EA\] Centella Cica Mask Pack,120
PRBS16-BMC,Luminous Moisture Shea Butter Body Lotion Cotton Dreamlight 300ml,120
PRBS16-BMM,Luminous Moisture Shea Butter Body Lotion Midnight Romance 300ml,120
PRBS16-BMO,Luminous Moisture Shea Butter Body Lotion Ocean Breeze 300ml,120
TIRCM29-LG06,WATERISM GLOW TINT 06 HONEY NUT 4g,120
CLIOCM18-CBP05,CLIO PRISM HIGHLIGHTER 05 PEACH SAPPHIRE,120
CLIOCM93-LGT11US,CLIO CRYSTAL GLAM TINT 11 MELLOW FIG,120
PeriPCM33-L47,PERIPERA INK VELVET 47 SUNNY CORAL,120
PeriPCM33-L48,PERIPERA INK VELVET 48 100 HEARTS,120
PeriPCM33-L49,PERIPERA INK VELVET 49 LAST RED,120
PeriPCM48-CB001,PERIPERA SYRUPY TOK CHEEK 01 LIGHT PEACH,120
PeriPCM48-CB003,PERIPERA SYRUPY TOK CHEEK 03 FRIENDSHIP MAUVE,120
PeriPCM48-CB006,PERIPERA SYRUPY TOK CHEEK 06 NUTTY MILKTEA,120
PeriPCM48-CB007,PERIPERA SYRUPY TOK CHEEK 07 FLUFFY PINK,120
PeriPCM48-CB008,PERIPERA SYRUPY TOK CHEEK 08 SYRUP GRAPEFRUIT,120
PeriPCM53-L031US,PERIPERA INK MOOD GLOWY TINT 31 HONORABLE BERRY,120
PeriPCM53-L034,PERIPERA INK MOOD GLOWY TINT 34 CORAL TEST (SCHOOL OF HIP),120
PeriPCM53-L035,PERIPERA INK MOOD GLOWY TINT 35 SPECIAL CORAL (SCHOOL OF HIP),120
PeriPCM53-L036,PERIPERA INK MOOD GLOWY TINT 36 PINK TEACHER (SCHOOL OF HIP),120
PeriPCM62-ESM02,PERIPERA MOOD IN SHADE EYE STICK M02 ROSY NATION,120
PeriPCM67-LJ002,PERIPERA INK JELLABLE TINT 02 PINK DIFFERENCE,120
PeriPCM67-LJ003,PERIPERA INK JELLABLE TINT 03 PROBABLY ROSE,120
PeriPCM67-LJ005,PERIPERA INK JELLABLE TINT 05 COOL LUCK COOL LUCK,120
KP8800331139194APLD2-A,(applemusic\_2ND LD) \&TEAM - 1st Mini Album 'Back to Life' (2 TYPES Random),120
DtoCM02-L771,\[Le Chat Botté Collection\] Blur-Jelly Plumping Lip Tint 771 Pink Gelée 3.5g,120
DtoCM02-L772,\[Le Chat Botte Collection\] Blur-Jelly Plumping Lip Tint 772 Coral Gelée 3.5g,120
DtoCM02-L774,\[Le Chat Botté Collection\] Blur-Jelly Plumping Lip Tint 774 Nutty Gelée 3.5g,120
DtoCM02-L775,\[Le Chat Botté Collection\] Blur-Jelly Plumping Lip Tint 775 Woody Gelée 3.5g,120
DtoCM02-L776,\[Le Chat Botté Collection\] Blur-Jelly Plumping Lip Tint 776 Muhly Gelée 3.5g,120
DtoCM02-L777,\[Le Chat Botte Collection\] Blur-Jelly Plumping Lip Tint 777 Berry Gelee 3.5g,120
DtoCM06-LG126,(Peter\&Wendy Collection) Pearl-Kissed Plumping Lip Glacé 126 Micheal,120
DtoCM06-LG129,(Peter\&Wendy Collection) Pearl-Kissed Plumping Lip Glacé 129 Smee,120
DtoCM06-LG130,(Peter\&Wendy Collection) Pearl-Kissed Plumping Lip Glacé 130 Captain Hook,120
BentonS01-EP,Snail Bee Ultimate Hydrogel Eye Patch 1.1g\*60pcs,120
ECM11-IblondybrownR,\[RENEW\]\[Etude house\] Color My Brows 05 Blondie Brown,120
ECM162-SB04,Heart pop blusher \#Strawberry Mochi 4g,120
ECM162-SB05,Heart pop blusher \#Cool Punch Ade 4g,120
ECM162-SB06,Heart pop blusher \#Peach Scoop 4g,120
ECM18-CBRD301r,Lovely Cookie Blusher RD301 Red Grapefruit Pudding,120
ECM71-LB,Oh My Lash Black Tint Mascara,120
ECM90-LG02,Glow Fixing Tint \#2 mellow pink 3.8g,120
ECM90-LG03,Glow Fixing Tint \#3 Dewy Fig 3.8g,120
ECM90-LG05,Glow Fixing Tint \#5 Mauvement 3.8g,120
ECM90-LG07,Glow Fixing Tint \#7 Cold Fuchsia 3.8g,120
ECM90-LG12M,(23AD) Fixing Tint \#12 Salmon Brick,120
ECM90-SF04,Soft Fixing Tint \#04 3.5g,120
ECM90-SF05,Soft Fixing Tint \#05 3.5g,120
CGRCM05-L06,NUDE BLUR TINT 06 LUCKY BERRY,120
cosC58-Pl,The AHA BHA PHA LHA 35 Peel 30 mL,120
HETBS01-WDS,Perfumed Bubble Hand Wash - Daisy 515ml\*2ea,120
HETBS01-WHW,Perfumed Bubble Hand Wash - Hotel Wood 515ml\*2ea,120
HETPA03-DHL,Premium Diffuser - Hotel Leather (500ml\*2ea),120
PTFP19-AM,"Aura Quartz Hydrogel Eye Mask –Pure Opal (40 pcs, 20 pairs)",120
TIRM25-CU25N,MASK FIT AURA CUSHION 25N MOCHA,120
TIRM25-CU29N,MASK FIT AURA CUSHION 29N NATURAL BEIGE,120
HOHCM04-CBM01,Moist Ampoule Blusher 01 Nude Beige 10ml,120
HOHCM04-CBM04,Moist Ampoule Blusher 04 Lavender Flush 10ml,120
HOHCM04-CBM07,Moist Ampoule Blusher 07 Pink Rosie 10ml,120
MNC10-OC,Pure Cleansing Oil 200ml,120
MNS01-PI,Galactomy Enzyme Peeling Gel 75ml,120
CLIOCM13-IP12KUS,CLIO PRO EYE PALETTE AIR 12 CRYSTAL PAW,120
ARMHS27-T,Quinoa Protein Treatment Mask 160ml,120
FSS04-AAll,Escargot All-In One Ampoule 250ml,120
OTDP02-SM,\[10ea\] COLLAGEN SUPREME MASK 25g,120
OTDS04-C,Peptide Skin Barrier Cream 50ml,120
OTDS05-IS,Intensive Eye Serum 30g,120
BETS05-S,BHA+ PORE ZERO Serum 30ml,120
APLBS03-T,Collagen EGF Peptide Facial Toner 160ml,120
APLBS1-FT,Glutathione Niacinamide Facial Toner 160ml,120
FUS01-T,Green Tomato Toner 250ml,120
IFromC09-CB,(Renew) Fig Soft Cleansing Balm 100ml,120
IFromC09-CO,Fig Cleansing Oil 200ml,120
LBS01-YA,YUZU VITA C Ampoule 50ml,120
ARCC01-OC,Super Collagen Melting Cleansing Balm 100g,120
HOHCM04-CBM08,Moist Ampoule Blusher 08 Berry Purple 10ml,120
ISNP19-M10,(10EA) MUGWORT CALMING GAUZE MASK,120
ISNS05-ER,CHESTNUT AHA 8% CLEAR ESSENCE\_100ml,120
FSS11-GelSr,\[renew\] MOISTURE SOOTHING GEL SNAIL,120
FSS35-T,CITRUS YUJA VITALIZING TONER 280ml,120
GNBC03-PF,Pink Cloud Cleansing Foam 150ml,120
TIRM23-CU24W,MASK FIT RED CUSHION 24W SOFT BEIGE,120
TIRM23-CU45N,MASK FIT RED CUSHION 45N SADDLE BROWN,120
TIRM25-CU24W,MASK FIT AURA CUSHION 24W SOFT BEIGE,120
TIRM25-CU27C,MASK FIT AURA CUSHION 27C COOL BEIGE,120
FruBS06-HNB,My Orchard Banana Hand Cream,120
FruBS06-HNR,My Orchard Raspberry Wine Hand Cream,120
IFromC09-OC,(Renew) Fig Cleansing Oil 200ml,120
KDHS02-S,10X CAFFEINE STRENGTHENING SCALP SERUM 10ml,120
OGS10-BL,Skin Barrier Calming Lotion 80ml,120
TAHSM-HC,Signature  Shield Cream 100ml,120
TAHSM-HSET,Signature Travel Kit  (May 30ml+30ml),120
TAHSM-SPM,Signature Shampoo MAY 500ml,120
TAHSM-SPTM,Signature Treatment MAY 500ml,120
PNM01-CU29N,Cicamanu Serum Cushion \#29N (Sand) 15g,120
PNM01-CU30W,Cicamanu Serum Cushion \#30W (Gold Beige) 15g,120
PNM01-CU34W,Cicamanu Serum Cushion \#34W (Tan) 15g,120
PNM01-CU43N,Cicamanu Serum Cushion \#43N (Deep Toffee Nut) 15g,120
PNM01-CU51N,Cicamanu Serum Cushion \#51N (Hot Fudge) 15g,120
PNM01-CU51W,Cicamanu Serum Cushion \#51W (Plum Truffle) 15g,120
PNM01-CU53N,Cicamanu Serum Cushion \#53N (Ganache) 15g,120
PNM01-CU55N,Cicamanu Serum Cushion \#55N (Rich Java) 15g,120
PNM01-CU59N,Cicamanu Serum Cushion \#59N (Ebony) 15g,120
LBC01-YF,YUZU Self Foaming 3in1 Cleanser 200ml,120
KP34206745-A1,ENHYPEN - 1ST ALBUM \[DIMENSION : DILEMMA\] (ESSENTIAL Ver.),120
KP8804775467929-A,NCT WISH - 1st Full Album \[Ode to Love\] (SMini Ver.) (6 TYPES Random),120
ECM90-LG07M,(23AD) Fixing Tint \#07 C.P,120
MIXS01-T300,Bean Toner 300ml,120
KP8800365019707WS-A,(weverseshop) LE SSERAFIM - 2nd Studio Album ‘PUREFLOW’ pt.1 (Weverse Albums ver.) (2 TYPES Random),120
JLMHS01-SSPR,(Renewal) PERFUME GLOW MILK HAIR ESSENCE SUNSET FREESIA 80ml,120
JLMHS01-SWMR,(Renewal) PERFUME GLOW MILK HAIR ESSENCE SUNSET FREESIA 80ml,120
TIRM24-CU31N,MASK FIT ALL COVER CUSHION 31N FRENCH BEIGE,120
JLMHS01-SPFBR,(Renewal) DAMAGE CARE PERFUME SHAMPOO FULL BLOOM 500ml,120
JLMHS01-SPSFR,(Renewal) DAMAGE CARE PERFUME SHAMPOO SUNSET FREESIA 500ml,120
JLMHS01-TTFBR,(Renwal) DAMAGE CARE PERFUME TREATMENT FULL BLOOM 500ml,120
OG10-VMD,Ongredients VMD,120
SKTS01-CRP,skit calming & repair face gel patch,120
SKTS01-HM,skit hydrating & moisture face gel patch,120
SKTS01-LG,skit lifting & glow face gel patch,120
KP8809954224843MP-A,(MUSICPLANT) Stray Kids - SKZ IT TAPE 'DO IT' (ACCORDION VER.) (8 TYPES Random),117
KP8809954224843YES-A,(yes24) Stray Kids - SKZ IT TAPE 'DO IT' (ACCORDION VER.) (8 TYPES Random),116
CTC13-OC,Madeca Matcha Pore Cleansing Oil 200ml,114
KP8809954224836FS-A,(FANS SHOP) Stray Kids - SKZ IT TAPE 'DO IT' (IT VER.) (Standard VER.),113
VTS04-C,VT CICA CREAM 50ml,112
DRMS07-NCR,Nexcksphalt ECM Ceramide Neck Cream 50g,112
SNPP90-MDR,(Renew) Prep Cicaronic Daily Mask 10EA,110
SEP03-MPR,(6EA) Deep Collagen Melting Patch,110
CLIOCM100-LC03,CLIO ESSENTIAL LIPCHEEK TAP 03 ROSY BLOW,110
NGS01-PG,BIO-PEEL GAUZE PEELING GREEN TEA,108
NGS01-PL,BIO-PEEL GAUZE PEELING LEMON,108
NLS09-lR,(RENEW) Molecule-Clear Lactic Acid Serum 30ml,108
NLS09-SR,(RENEW) Molecule-Clear Salicylic Acid Serum 30ml,108
KP8800365019691WS-A,(weverseshop) LE SSERAFIM - 2nd Studio Album ‘PUREFLOW’ pt.1 (COMPACT ver.) (6 TYPES Random),108
KP8800344689587MP-A,(MUSICPLANT) BTS - \[ARIRANG\] (Living Legend Ver.),107
KP8800344689594ALD-A,(ALADIN) BTS - \[ARIRANG\] (Weverse Albums ver.),107
KP8800344689594MP-A,(MUSICPLANT) BTS - \[ARIRANG\] (Weverse Albums ver.),107
KP8803581204032SW-A,(soundwave) ATEEZ - 13th mini album \[GOLDEN HOUR : Part.4\] (3 TYPES Random),106
KP8800365015013WF-A,(whosfan) CORTIS - The 2nd EP \[GREENGREEN\] (3 TYPES Random),105
DRMS05-AR,TX Ampoule Rx 30ml,104
CCDPA05-AFAT,(2EA) premium diffuser 500ml(16.9oz)/April Fresh,102
CCDPA05-AFBF,(2EA) premium diffuser 500ml(16.9oz)/Bookstore In The Wood,102
CCDPA05-AFBT,(2EA) premium diffuser 500ml(16.9oz)/Black Cherry,102
CCDPA05-AFFB,(2EA) premium diffuser 500ml(16.9oz)/Baby Powder,102
CCDPA05-AFFF,(2EA) premium diffuser 500ml(16.9oz)/Forest Dawn,102
CCDPA05-AFFT,(2EA) premium diffuser 500ml(16.9oz)/Flower Garden,102
CCDPA05-AFPT,(2EA) premium diffuser 500ml(16.9oz)/Pure Cotton,102
CCDPA05-AFWT,(2EA) premium diffuser 500ml(16.9oz)/Woody Hotel,102
KP58701003-A,TXT - Repackage : FIGHT OR ESCAPE\] (Random Ver.),102
KAJCM16-PD,GLOSS SHOT 04 Pink Drink,100
FruC05-Plm,Green Grape Pore Peeling Pad (1ea),100
IUS07-AC,Centella Calming AC Spot Cream 20ml,100
TIAMS09-SR,TIAM Snail & Azulene Water Essence,100
HETBS01-WSF,Perfumed Bubble Hand Wash - Jeju Saryeoni Forest 515ml\*2ea,100
KP8800333165467FS-A,(FANS SHOP) Stray Kids 2026 SEASON'S GREETINGS \[STARLIGHT SUPPER CLUB\],100
OTDS09-P,Glass Skin Rice Water Toner Pad 120ml (70pads),100
TKBCM11-34R,Powder Cream Lip Balm 034 Peach Tart,100
TKBCM11-35R,Powder Cream Lip Balm 035 Mauve Veil,100
TKBCM11-36R,Powder Cream Lip Balm 036 Mono Red,100
TKBCM11-37R,Powder Cream Lip Balm 037 Tender Brown,100
HNCM02-G002,TRUE DIMENSION GLOW CHEEK G002 MELLOW 9g,100
HNCM02-G003,TRUE DIMENSION GLOW CHEEK G003 SHINE OUT 9g,100
MOTS01-M1,afternoon facial mist(milktea) 100ml,100
ISMA04-SC,Saving Cotton Pad 40 ea,100
TKBS07-TSample-CL2,Vita Berry Pore Toner 2ml,100
HOHCM04-CB07,Moist Ampoule Blusher 07 Pink Rosie 20ml,100
PeriPCM33-LG02US,PERIPERA INK GLASTING LIP GLOSS 02 EDGE NUDE,100
PeriPCM69-M03,PERIPERA SLIP ON MY LIP M03 DO WHAT LOVE,100
PeriPCM69-M04,PERIPERA SLIP ON MY LIP M04 THANKS A LOT,100
PeriPCM69-M05,PERIPERA SLIP ON MY LIP M05 DIZZY LOVE,100
PeriPCM69-S04,PERIPERA SLIP ON MY LIP S04 MOVE LIKE THIS,100
ARMHS27-SPrr,Quinoa Protein Shampoo 400ml,100
MVHS02-O,HAIR STEAMER PRO OIL CARTRIDGES,100
ALT02-P01,Lip Potion Steaming Milk,100
HETPA03-AF,Lunar New Year Edition - Jeju Saryeoni Forest,100
IFromC08-PC,(Renew) Apricot Sherbet Pack Cleanser 120g,100
MECUS18-PSET,\[SET\] PDRN Glow Set,100
BentonC10-GRR,Centella Cica Gel 100g,100
CTP11-PGM,PDRN Skin Tightening Glow Gel Mask (22ml\*5ea),100
ACPS05-PTCR,TROUBLE CARE MICROCONE PATCH (6 PATCHES),100
FSS12-IWM,COLLAGEN WATER FULL MOIST EYE CREAM,100
FSS12-S,COLLAGEN WATER FULL MOIST SERUM 250ml,100
FSS35-S,CITRUS YUJA VITALIZING SERUM 100ml,100
OBGHS5-CC,MULTI TEXTURE CURL CREAM 150ml,100
KP8809949675759-A,ENHYPEN - \[ENHYPEN WORLD COUPON CARD COLLECTION\] PAJAMA PARTY (GIFT ver.),100
NFS01-hosR,(Renew) Fresh Herb Origin Serum 50ml,100
SLLBS01-PATCHR3,Retinal Age-Reset Neck Patch (3ea),100
BentonS13-CM,AC BHA GEL 100ML,100
KP8809888411951-A,"XLOV - \[I,God\] SPECIAL PACK MD",100
BIACM12-I02,LAST PEN EYELINER 02 SHARPEN BROWN,100
AGE20M04-CU13C,SIGNATURE ESSENCE PACT INTENSE COVER 13C (14G),96
AGE20M04-CU17N,SIGNATURE ESSENCE PACT INTENSE COVER 17N (14G),96
RBS03-ARR,\[Renew\] Extreme Cream Ampoule 50ml,96
TFITM12-P03,TRANSLUCENT SET FINISHING POWDER \#03 green 7g,96
TFITM12-P04,TRANSLUCENT SET FINISHING POWDER \#04 lavender,96
BYC01-F,Gooseberry AHA Jelly Cleanser 120ml,96
HS03-L,Good Cera Super Ceramide Emulsion 130ml,96
MMS01-SMR,(RENEW) Marine Collagen Serum 30ml,96
KP8800365019684WS-A,(weverseshop) LE SSERAFIM - 2nd Studio Album ‘PUREFLOW’ pt.1 (4 TYPES Random),96
APLBC1-FCB,Glutathione Niacinamide Cleansing Balm 80ml,96
RBS02-RTR,\[Renew\] Aqua Soothing Toner 200ml,96
SAEMM16-CRT01US,\[US\] Cover Perfection Triple Pot Concealer 01 Correct Beige,96
SAEMM16-CRT03US,\[US\] Cover Perfection Triple Pot Concealer 03 Correct Up Beige,96
HETTB04-TB,Premium Scaling Toothbrush 21ea,92
HMMA02-Puff5eaR,Artless Rubycell Puff 5ea,90
EACM09-LT07,DEWY SYRUP TINT \#07 PINK HERTZ,90
EACM09-LT08,DEWY SYRUP TINT \#08 CHERRYOLOGY,90
EAM01-CU30NUS,(US) GLOW PIXEL CUSHION \#30N WALNUT 12g,90
EAM01-CU32NUS,(US) GLOW PIXEL CUSHION \#32N CARAMEL 12g,90
EAM01-CU34NUS,(US) GLOW PIXEL CUSHION \#34N ACORN 12g,90
EAM01-CU40NUS,(US) GLOW PIXEL CUSHION \#40N ESPRESSO 12g,90
HAHS02-T,All Day Essential Water 100ml,90
PeriPCM44-CB027,PERIPERA PURE BLUSHED SUNSHINE CHEEK 27 STRAWBERRY PINK,90
KP8800324549801AP-A,(applemusic) YEONJUN (TXT) - NO LABELS: PART 01 (3 TYPES Random),90
BDOBS01-BMCF,Milk Amino Acid Collagen Firming Cream 300ml,90
BDOBS01-BMPP,Milk Amino Acid Papaya Paw Paw Cream 300ml,90
BDOBS01-BMPS,Milk Amino Acid Panthenol Soothing Cream 300ml,90
DDRBS01-BMV,BREAK CICA PDRN RELAXING BODY MIST 200ml,90
KP8800303086402-A,KATSEYE - \[BEAUTIFUL CHAOS\] (2 TYPES Random),90
KP8809704433112-A,ILLIT - 3rd Mini Album \[bomb\] (3 TYPE Random),90
KP8809973502380-A,BOYNEXTDOOR - 2ND EP ALBUM \[HOW?\] (3 TYPE Random),90
LBS02-HA,Hempseed Serum 30ml,90
LBS02-TP,Hempseed Purifying Pad (70pcs),90
CHCM03-L01,Volumizing Lip Fondue 01 Naïve,90
CHCM03-L02,Volumizing Lip Fondue 02 Lenient,90
CHCM03-L03,Volumizing Lip Fondue 03 Comfy,90
CHCM03-L04,Volumizing Lip Fondue 04 Lavish,90
CHCM03-L05,Volumizing Lip Fondue 05 Distinct,90
CHCM03-L06,Volumizing Lip Fondue 06 Essential,90
CHCM03-L07,Volumizing Lip Fondue 07 Humble,90
CHCM03-L08,Volumizing Lip Fondue 08 Polite,90
CHCM03-L09,Volumizing Lip Fondue 09 Outrun,90
CHCM03-L10,Volumizing Lip Fondue 10 Savage,90
CTS12-EP,360º Shot PDRN glowing eye patch 6 pairs,90
ECM158-L08,Overglowy Tint \#8 madder red,90
KP8800360899489WMLD-A,(withmuu\_LD) \&TEAM 3rd EP 'We on Fire' SOLO EDITION (9 TYPES Random),90
KP8800353119952WS-A,(weverseshop) BABYMONSTER - 3rd MINI ALBUM \[춤 (CHOOM)\] (Jewel Ver.) (6 TYPES Random),90
VTP04-EMM,(20ea)CICA-EXOSOME MOISTURE MASK,84
APLBHS17-HM,DAILY SOLUTION HAIR MASK 150ML,84
APLBHS18-HM,INTENSIVE BOOSTER HAIR MASK 150ML,84
APLBS02-MS,Salicylic Acid BHA Arbutin Mist Essence 105ml,82
ECM195-I01,Tear eye liner \#01 White Tear,82
TIRCM29-LG05,WATERISM GLOW TINT 05 SCOTCH SHOT 4g,80
KP8809954224843MS-A,(MAKESTAR) Stray Kids - SKZ IT TAPE 'DO IT' (ACCORDION VER.) (8 TYPES Random),80
KP8809954224850MP-A,(MUSICPLANT) Stray Kids - SKZ IT TAPE 'DO IT' (PLATFORM PLVE VER.),80
TIRCM29-LG01,WATERISM GLOW TINT 01 MAUVE ROSE 4g,80
CLIOM01-MCU4MUS,CLIO KILL COVER MESH GLOW CUSHION 23N GINGER,80
EACM09-LT01,DEWY SYRUP TINT \#01 MELT AWAY,80
EACM09-LT02,DEWY SYRUP TINT \#02 TOKYO BLOSSOM,80
EACM09-LT03,DEWY SYRUP TINT \#03 LITTLE BIT,80
EACM09-LT04,DEWY SYRUP TINT \#04 HIP SEOUL,80
EACM09-LT05,DEWY SYRUP TINT \#05 EITHER WAY,80
EACM09-LT06,DEWY SYRUP TINT \#06 HEART ATTACK,80
EACM09-LT09,DEWY SYRUP TINT \#09 VITALISM,80
KP8809954224843FS-A,(FANS SHOP) Stray Kids - SKZ IT TAPE 'DO IT' (ACCORDION VER.) (8 TYPES Random),80
KP8809704434607AP-A,(applemusic) ALPHA DRIVE ONE - 1st mini album ‘EUPHORIA’ (STAR ROAD ver.),80
KP8809704434614AP-A,(applemusic) ALPHA DRIVE ONE - 1st mini album ‘EUPHORIA’ (FREAK ALARM ver.),80
HS03-M,Good Cera Super Ceramide Mist 120ml,80
PeriPCM69-S03,PERIPERA SLIP ON MY LIP S03 BORN TO BE STAR,80
OTDC13-CG,Green Plum Low PH Cleansing Gel 200ml,80
OTDC14-F,Heart Leaf Pore Zero Cleanser 200ml,80
OTDS08-S,Dark Spot Vitamin C Serum 50ml,80
BETS05-SC,BHA+ Dark Spot ZERO Cream 35g,80
KP8800320199307WM-A,(withmuu) BLACKPINK - 3rd mini album \[DEADLINE\] (SILVER Ver.) (Digipack Ver.) (4 TYPES Random),80
FruS04-CmR,Citrus Brightening Cream 10g,80
KP8800344689600-A,BTS - \[ARIRANG\] (Standard Vinyl) (8 TYPES Random),80
KP8804775467905-A,NCT WISH - 1st Full Album \[Ode to Love\] (Package Ver.) (2 TYPES Random),80
KP8804775467936-A,NCT WISH - 1st Full Album \[Ode to Love\] (Big SMini Ver.) (2 TYPES Random),80
HMS25-LipB,Ever Glow Glaze Nourishing Balm,80
KP8809704435109WS-A,(weverseshop) ILLIT - The 4th mini album \[MAMIHLAPINATAPAI\] (Weverse Albums ver.),80
AbibC11-OCrr,PORE CLEANSING OIL HEARTLEAF OIL-WASH 200ml (2025),80
JLMHS01-SPWMR,(Renewal) DAMAGE CARE PERFUME SHAMPOO WOODY\&MUSK 500ml,80
ALTCM01-G09,Lip Potion Aqua Glow \#09 Coco Milk,80
BLTP01-SNGM,Patting Splash Mask Soothing & Healing Green tea 150ml,80
MVHS01-CD,ANNURCATIN HAIR VINEGAR 210ml,80
NLC05-FR,\[RENEW\] A-Control Heartleaf & BHA Cleanser 120ml,80
BIACM01-DC05,READY TO WEAR DOWNY CHEEK 05 DOWNY CORAL,80
KP8800344689587ALD-A,(ALADIN) BTS - \[ARIRANG\] (Living Legend Ver.),77
KP8800344689587SW-A,(soundwave) BTS - \[ARIRANG\] (Living Legend Ver.),77
BBABS01-HNLW,Perfume Hand cream Lost Wood 50ml,75
BBABS01-HNNT,Perfume Hand cream New York in Tilly 50ml,75
BBABS01-HNRD,Perfume Hand cream Rondo24 50ml,75
BBABS01-HNWG,Perfume Hand cream Walnut Creek Green 50ml,75
KP8809704435093WS-A,(weverseshop) ILLIT - The 4th mini album \[MAMIHLAPINATAPAI\] (PAW PAW ver.) (5 TYPES Random),75
APLBS08-MS,Hyaluronic Acid Ceramide HA B5 Mist Essence 105ml,72
HAHS02-C,Allinone ectoin lotion 100ml,72
APLBC1-FCO,Glutathione Niacinamide Cleansing Oil 105ml,72
ARCS02-AP,Botulcare Primetox Ampoule (Ampoule 1pcs+Applicator\*4ea),72
APNS11-A,HyperShot Ceramide Ampoule 50ml,72
APNS11-AC,HyperShot CICA Ampoule 50ml,72
APLBHS17-O,DAILY SOLUTION HAIR OIL 80ML,72
APLBHS18-O,INTENSIVE BOOSTER HAIR OIL 80ML,72
FP25-Mrr,\[Renew\] Natural mask rice 20g,70
cosS24-E20,Oil-Free Ultra-Moisturizing Lotion 20ml,70
HLSC01-F,Pore-Purifying Salicylic Acid Foaming Cleanser 120g,70
DBCWT-OC,White Truffle Return Oil Cream Cleanser 150ml,70
ARCS01-A7X,Super Shot Coltra Ampoule 7X 30ml,70
ARCS02-A,Botulcare Ampoule 30ml,70
ARCS05-A,Arocell Mela TXA Milky Drop Ampoule 30ml,70
DRMHS08-PS,Bondex Protein Bonding Remodeling Shampoo 400ml,70
APLBHS17-ST,DAILY SOLUTION SCALP TONIC 105ML,70
APLBHS18-HT,INTENSIVE BOOSTER SCALP TONIC 105ML,70
DRMP04-MS5,(5EA) TX-ASTAXANTHIN BRIGHTENING SERUM MASK,68
KP8804775459788WMLD-A,(withmuu\_LD) IVE - THE 2ND ALBUM \[REVIVE+\] (LOVED IVE ver.) (Limited Ver.),68
TIAMS07-AC24,Vitamin C24 Surprise Serum,66
SKTS01-C,skit B5 barrier cream,66
SKTS01-ET,skit glutamilk essence toner,66
SKTS01-S,skit tocopherol 5 serum,66
DMY08-VMD,DEARMAY MINISO US VMD,65
PR17-MVMD,Miniso VMD,65
APLBBS04-BW,RETINOL VITAMIN C VITAMIN E BODY WASH 300ML,64
KP8809954224829MP-A,(MUSICPLANT) Stray Kids - SKZ IT TAPE 'DO IT' (DO VER.) (Limited VER.),60
KP8809954224836MP-A,(MUSICPLANT) Stray Kids - SKZ IT TAPE 'DO IT' (IT VER.) (Standard VER.),60
FBTHS01-W01,HARD HOLDING MAT WAX 100g,60
FBTHS01-W02,CLASSIC POMADE 100g,60
KP8809954224829YES-A,(yes24) Stray Kids - SKZ IT TAPE 'DO IT' (DO VER.) (Limited VER.),60
KP8809954224836YES-A,(yes24) Stray Kids - SKZ IT TAPE 'DO IT' (IT VER.) (Standard VER.),60
MMP07-MCICA,(30pcs) CICA Houttuynia Tea Tree Calming Mask,60
NBS01-ESS09M,No.9 NAD Bio Lifting Essence 30ml,60
KP8809954224829FS-A,(FANS SHOP) Stray Kids - SKZ IT TAPE 'DO IT' (DO VER.) (Limited VER.),60
LCMCM01-L012,OBJET LIQUID 012 SYMBOL,60
CGRCM08-I05,ALL IN ONE AEGYO-SAL MAKER 05 BERRY,60
PYHS15-SPR,(Renewal) Low pH Scalp Shampoo 500ml,60
BltS03-SCI,Pressed Serum Crystal Iceplant 50ml,60
HNCM02-G004,TRUE DIMENSION GLOW CHEEK G004 BARE REFLECTION 9g,60
SLLBS01-PATCH,Calf Patch (8ea),60
TIRM24-CU24W,MASK FIT ALL COVER CUSHION 24W SOFT BEIGE,60
TIRM25-CU27N,MASK FIT AURA CUSHION 27N CAMEL,60
HOHCM04-CBM05,Moist Ampoule Blusher 05 Peach Coral 10ml,60
KP8809704434409MP-A,(MUSICPLANT) ENHYPEN - 7th mini album 'THE SIN VANISH' (3 TYPES Random),60
KP34206146-A,ENHYPEN - 1ST MINI ALBUM \[BORDER : DAY ONE\] (Random Ver.),60
KP58700897-A,TXT - 2ND ALBUM \[THE CHAOS CHAPTER : FREEZE\] (Random Ver.),60
KP8809704428866-A,ILLIT - 2nd Mini Album \[I'LL LIKE YOU\] (3 TYPE Random),60
KP8809954227400-A,"KickFlip - 2nd mini album \[Kick Out, Flip Now\!\] (3 TYPES Random)",60
GFNHS07-WXH,GROOMING CLAY HARD WAX 75ml,60
ECDHS01-BRMLP,Rainbow volume S brush (Medium Light Purple),60
LBS01-TPs,(sample) YUZU VITA C Ampoule Pad 6ml,60
LBS01-YCmini,YUZU VITA C Cream 3ml (mini),60
HOHCM04-CBM03,Moist Ampoule Blusher 03 Rose Brown 10ml,60
HOHCM04-CBM06,Moist Ampoule Blusher 06 Cherry Blossom 10ml,60
HOHCM04-CBM09,Moist Ampoule Blusher 09 Ruby Red 10ml,60
TIRM24-CU29N,MASK FIT ALL COVER CUSHION 29N NATURAL BEIGE,60
KP8804775458613HLFS-A,(hellolive\_fan sign event) P1Harmony - 9th mini album \[UNIQUE\] (Photobook Ver.) (3 TYPES Random),60
KPAESPALS-A2,aespa OFFICIAL FANLIGHT VER.2,60
KP8800353119945WS-A,(weverseshop) BABYMONSTER - 3rd MINI ALBUM \[춤 (CHOOM)\] (3 TYPES Random),60
KP8809954225918MP-A,(MUSINSA) NMIXX - The 5th EP \[Heavy Serenade\] (2 types random),60
KAJCM19-HSBT,HEART & SEOUL BEST OF KAJA SET,60
KP8809704435086WS-A,(weverseshop) ILLIT - The 4th mini album \[MAMIHLAPINATAPAI\] (GRWM Ver. / IT’S ME Ver. / FREE RIDER Ver.) (3 types random),60
HETPA06-PFA,Handmade Perfume 50ml - ATELIER TEA,60
HETPA06-PFB,Handmade Perfume 50ml - BOUTIQUE COTTON,60
HETPA06-PFR,Handmade Perfume 50ml - ROYAL WOOD,60
HETPA06-PFS,Handmade Perfume 50ml - SEOWON,60
KP8804775459764WMLD-A,(withmuu\_LD) IVE - THE 2ND ALBUM \[REVIVE+\] (2 TYPES Random),60
FruC02-F,Bluberry Hydrating Cleansing Gel To Foam 145ml,60
KP8809704427975-A,ENHYPEN - DARK MOON SPECIAL ALBUM \[MEMORABILIA\] (Moon Ver.),58
KP8803581203462-A,ATEEZ - 11th Mini Album \[GOLDEN HOUR : Part.2\] (POCA Ver.) (3 type Random),56
KP8800344689570WS-A,(weverseshop) BTS - \[ARIRANG\] (2 TYPES Random),56
KP8804775368356-A,P1Harmony - 1ST ALBUM \[Killin' It\] (P1us Edition Ver.),55
PDLP02-BM,(4EA) Red Bean Panthenol Coolfit Gelfting Mask 33g,54
PDLP02-GM,(4EA) Rice Glutathione HydroMask 38g,54
PDLP02-HM,(4EA) Barley Hyal-Some HydroMask 36g,54
PDLP02-OM,(4EA) Oat Ceramide HydroMask 42g,54
PDLP02-TM,(4EA) 2X TGG Care Hyaluronic Hydromask,54
pluHS03-S,Exfoliating Scalp Scrub Peppermint 200g,54
APLBHS17-TT,DAILY SOLUTION HAIR TREATMENT 150ML,54
APLBHS18-TT,INTENSIVE BOOSTER HAIR TREATMENT 150ML,54
KP8809954224850MS-A,(MAKESTAR) Stray Kids - SKZ IT TAPE 'DO IT' (PLATFORM PLVE VER.),50
NGS31-Sr,REAL VITA C SERUM 1.12 oz / 32g 2022,50
MELCM08-L02,Vegan Lip Treatment 02 Rose 15g,50
BentonS02-T,\[NEW\] Aloe Bha Skin Toner 200ml,50
ZPC01-F,EGF Skin Barrier Cleansing Foam 120ml,50
ZPS01-A,EGF Skin Barrier Hydro Ampoule 30ml,50
ZPS01-C,EGF Skin Barrier Intensive Cream 80ml,50
ZPS01-T,EGF Skin Barrier Cream Toner 150ml,50
ARCP01-Meye,Super Collagen Mini Gel Patch (2pcs),50
BltS02-TT8NR,\[Renew\] Vital Essence 8 Nourishing Beans 123ml,50
DDRC01-FB,BREAK PORE CLEANSING PACK TO FOAM 100ml,50
DDRC01-FD,BREAK PORE CLEANSING PACK TO FOAM 100ml,50
FLS001-C,Retinol 0.1 Cream 30ml,50
FLS001-C03,Retinol 0.3% cream 20ml,50
FLS008-C,PDRN Bounce Ball Cream 50ml,50
APLBP03-M10,COLLAGEN EGF PEPTIDE SHEET MASK 10 PCS3,50
DVS03-S4.5,Dr.VITA Slow Aging 300 PDRN Shot,50
KP8809949675742-A,ENHYPEN - \[ENHYPEN WORLD COUPON CARD COLLECTION\] PAJAMA PARTY (BASIC ver.),50
LNJP02-LGM5,(5ea) 49 LIFTING GEL MASK 49ml,50
NSHHS02-Ts,(Sachet) Soy Biome Protein Repair Treatment 8ml,50
NSHHS03-SPs,(Sachet) Pomegranate Biome Scalp Boosting Shampoo 10ml,50
PYS01-AMs,Moisture serum 9ml,50
cosS90-S,5 PDRN Collagen Intense Vitalizing Serum 100mL,50
KP8800344689624-A,BTS - \[ARIRANG\] (Deluxe Vinyl) (2 TYPES Random),50
KP8809795461186-A,\&TEAM OFFICIAL LIGHT STICK,50
KP8800360899915WS-A,(weverseshop) TWS - 5th Mini Album 'NO TRAGEDY' (Weverse Albums ver.),50
KP8809704435093SW-A,(soundwave) ILLIT - The 4th mini album \[MAMIHLAPINATAPAI\] (PAW PAW ver.) (5 TYPES Random),50
SBMS21-T,Super Matcha Pore Tightening Toner 150ml,50
cosS90-T,5 PDRN B5 Vital Soothing Toner 280mL,50
DKLS01-T180,Supple Preparation Unscented Toner 180 ml,50
DKLS03-CCR,(Renew) Midnight Blue Calming Cream 60 g,50
FC200-COrrr,Cleansing Light Oil 150ml,48
MMS01-SN,Niacinamide + Chaenomeles Sinensis Serum 30ml,48
VTS21-S50,REEDLE SHOT 50,48
cosS88-T50,REFRESH AHA BHA VitaminC Daily Toner 50ml,48
SNPS91-S220r,Prep Peptaronic Serum 220ml (2023),48
SHAIS03-SRR,CAFFEINE SHOT Vita C Toning Serum 30ml,48
KP8803581204049HL-A,(hellolive) ATEEZ - 13th mini album \[GOLDEN HOUR : Part.4\] (DIGIPACK VER.) (8 TYPES Random),48
KP8803581204049FRS-A,(fromm store) ATEEZ - 13th mini album \[GOLDEN HOUR : Part.4\] (DIGIPACK VER.) (8 TYPES Random),48
KP8803581204049JU-A,(JUMP UP) ATEEZ - 13th mini album \[GOLDEN HOUR : Part.4\] (DIGIPACK VER.) (8 TYPES Random),48
CCDPA01-AFA,Signature Collection A (White Jasmine+Garden Lavender+Black Cherry),48
ALOBS01-BTH,korean spa body peeling pad hard 5ea,48
ALOBS01-BTS,korean spa body peeling pad soft 5ea,48
PDLC01-BF,2X Fresh Bam Balm To Foam 130ml,45
KP8809704435086SW-A,(soundwave) ILLIT - The 4th mini album \[MAMIHLAPINATAPAI\] (GRWM Ver. / IT’S ME Ver. / FREE RIDER Ver.) (3 types random),45
cosC65-CF,CICA CREAMY FOAM CLEANSER 75ml,42
KP4988031568651-A,\[JP\] \&TEAM - 2nd EP \[First Howling : WE\] (Limited Edition B),42
KP8809704434416MPLD-A,(MUSICPLANT\_ Lucky Draw) ENHYPEN - 7th mini album 'THE SIN VANISH' (FUGITIVES Ver.) (7 TYPES Random),42
KP8809704422031MK-A,(mokket) ATEEZ - 7th Mini Album \[ZERO : FEVER Part.3\] (Random 3 TYPE),42
KP8809954224829MS-A,(MAKESTAR) Stray Kids - SKZ IT TAPE 'DO IT' (DO VER.) (Limited VER.),41
PDLS04-TPH,BARLEY HYALURONIC FROZEN40 ESSENCE PADS (70EA),40
FruSM02-SO,OTC) Blueberry Hydrating Air Fit Sunscreen 50g,40
KP8809954224614AP-A,(applemusic) ITZY - \[TUNNEL VISION\] (Photobook Ver.) (2 TYPES Random),40
KPHTXLS-A,KPOP DEMON HUNTERS - HUNTRIX OFFICIAL LIGHT STICK,40
KPSJBLS-A,KPOP DEMON HUNTERS - SAJA BOYS OFFICIAL LIGHT STICK,40
FBTHS01-CBC,BOOST CURL CREAM 150ml,40
FBTHS01-Oil,POLISH OIL 160ml,40
FBTHS03-CUP,UP\&DOWN CREAM 100ml,40
MELCM01-L03,Vegan Lip Butter \#03 Red Velvet,40
KP8800331139613MS-A,(MAKESTAR) ALLDAY PROJECT - The 1st EP Album 'ALLDAY PROJECT' (PHOTOBOOK ver.) (2 TYPES Random),40
BETC05-F,BHA+ PORE ZERO Cleansing Foam 150g,40
DtoCM06-LE151,(Peter\&Wendy Collection) deep-Kissed Plumping Lip Enamel 151 Lost Boys,40
DtoCM06-LE152,(Peter\&Wendy Collection) deep-Kissed Plumping Lip Enamel 152 Clock Tower,40
KAJ18-VVMD,KAJA VON MAUR VMD,40
JLMBS02-HNWM,PERFUME HAND CREAM WOODY\&MUSK 30ml,40
MIXS20-CTP,Collagen Toner Pad 110 Sheets,40
FruS01-CmR,Avocado Relief Cream 10g,40
KPIVEOL2-A,IVE OFFICIAL LIGHT STICK Ver.2,40
KP8800261899878-A,BABYMONSTER - 1st Full Album \[DRIP\] (2 TYPE Random),40
KP8804775452772-A,GOT7 - GOT7 mini album \[WINTER HEPTAGON\] (2 TYPES Random),40
GFNHS07-WXN,NEAT WATER POMADE 100g,40
CMXC06-CB,Dual Barrier Purifying Cleansing Balm 50ml,40
WelS01-ABr60,Real Hyaluronic Blue 100 Ampoule 60ml,40
STUMA01-DSB,Dual silicon blush brush,40
FruS04-CR,Citrus Brightening Cream 55g,40
KP8809704435130MS-A,(MAKESTAR) Kep1er - 8th mini album \[CRACK CODE\] (2 TYPES Random),40
KP8809954227462-A,TWICE - 4th Full Album \[THIS IS FOR\] (3 TYPES Random),40
CTP05-M3R,(RENEW) (10EA) Madeca Derma Mask III Intensive Formula,40
HMCM25-LB01,Ever Glow Glaze Color Balm 01 Joyful Camellia,40
HMCM25-LB02,Ever Glow Glaze Color Balm 02 Cozy Sand,40
HMCM25-LB03,Ever Glow Glaze Color Balm 03 Breeze Dahlia,40
HMCM25-LB04,Ever Glow Glaze Color Balm 04 Dreamy Mauve,40
HMCM25-LB05,Ever Glow Glaze Color Balm 05 Remember Amber,40
HMCM25-LG,Ever Glow Starry Gloss,40
HMCM25-LG01,Ever Glow Gloss Lip Tint 01 Humming Petal,40
HMCM25-LG02,Ever Glow Gloss Lip Tint 02 Calming Taupe,40
HMCM25-LG03,Ever Glow Gloss Lip Tint 03 Loving Rosette,40
HMCM25-LG04,Ever Glow Gloss Lip Tint 04 Amazing Rose,40
HMCM25-LG05,Ever Glow Gloss Lip Tint 05 Bashful Mauve,40
HMCM25-LG06,Ever Glow Gloss Lip Tint 06 Darling Nectar,40
HMCM25-LGM06,Ever Glow Gloss Lip Tint Mini 06 Darling Nectar,40
HMS25-LipM,Ever Glow All Night Lip Mask,40
KP8800360899632WS-A,(weverseshop) TWS - 5th Mini Album 'NO TRAGEDY' (2 TYPES Random),40
CNPC20-DF150,DEEP CLEANSING PERFECTA (150ml),40
BentonS03-BEYE,Honest Black Eyelash Serum 8ml,40
KDHS07-S,AIRY VOLUME HYALURON SERUM 50ML,40
NFS20-CR,(Renew) PINK AHABHA Cream 50ml,36
GUHS01-SET03,GROWUS Damage Therapy Travel Kit (Shampoo 50ml +Treatment 45g+No wash treatment 28ml),36
CCDPA07-AFB500,Room Spray 500ml/Black Cherry,36
CCDPA07-AFF500,Room Spray 500ml/Forest Dawn,36
CCDPA07-AFG500,Room Spray 500ml/Garden Lavender,36
CCDPA07-AFW500,Room Spray 500ml/Woody Hotel,36
KP8809954228278-A,TWICE - 14th Mini Album \[STRATEGY\] (3 TYPE Random),36
HETBS02-Sr,"Hotel Therapy Body Wash (Soosunhwa) 1,013ml",36
KP8809954225147WS-A,(weverseshop) KATSEYE '2026 SEASON'S GREETINGS',35
SELBSB-BW,LIFTING BODY SCRUD WASH 250ml,32
KP8803581204032FRS-A,(fromm store) ATEEZ - 13th mini album \[GOLDEN HOUR : Part.4\] (3 TYPES Random),32
KP8803581204032JU-A,(JUMP UP) ATEEZ - 13th mini album \[GOLDEN HOUR : Part.4\] (3 TYPES Random),32
APLBBS03-BW,COLLAGEN EGF PEPTIDE BODY WASH 300ML,32
APLBBS09-BR,AZELAIC ACID PEPTIDE BODY LOTION 300ML,32
APLBBS11-BR,KOJIC ACID VITAMIN C BODY LOTION 300ML,32
APLBBS12-BR,FERULIC ACID VITAMIN C BODY LOTION 300ML,32
APLBBS13-BR,CAFFEINE NIACINAMIDE BODY LOTION 300ML,32
APLBBS14-BR,PDRN VITAMIN C BODY LOTION 300ML,32
APLBBS07-BW,TRANEXAMIC ACID NIACINAMIDE BODY WASH 300ML,32
APLBBS15-BR,LIPOSOME VITAMIN C LX BODY LOTION 300ML,32
APLBHS17-CD,DAILY SOLUTION HAIR CONDITIONER 300ML,32
APLBHS17-SP,DAILY SOLUTION HAIR SHAMPOO 300ML,32
APLBHS18-CD,INTENSIVE BOOSTER HAIR CONDITIONER 300ML,32
APLBHS18-SP,INTENSIVE BOOSTER HAIR SHAMPOO 300ML,32
HOHCM04-CB04,Moist Ampoule Blusher \#Lavender Flush 20ml,30
FBTHS01-SToic,Grooming Tonic 220ml,30
KP8809954224850YES-A,(yes24) Stray Kids - SKZ IT TAPE 'DO IT' (PLATFORM PLVE VER.),30
KP8809954224850FS-A,(FANS SHOP) Stray Kids - SKZ IT TAPE 'DO IT' (PLATFORM PLVE VER.),30
KP8800339140451YES-A,(yes24) ATEEZ 2026 SEASON\`S GREETINGS,30
KP8809704443722YES-A,(yes24) ZEROBASEONE 2026 SEASON'S GREETINGS \[(0\_1) World\],30
ATPBS18-BLCR,\[Renew\]Maternity Care Relaxing Leg Cream 150ml,30
ARCP01-MEX,Super Powe Mask EX (4ea),30
KP4988031568644-A,\[JP\] \&TEAM - 2nd EP \[First Howling : WE\] (Limited Edition A),30
KP8800296360138-A,LE SSERAFIM - 5th mini album 'HOT' (3 TYPES Random),30
KP8800331135653-A,LE SSERAFIM - 1st Single Album 'SPAGHETTI' (3 TYPES Random),30
KP8809704429115-A,ENHYPEN - 2ND ALBUM Repackage \[ROMANCE : UNTOLD –daydream-\] (JAPAN Edition),30
KP8809929746745-A,V (BTS) - \[Layover\] (3 TYPE Random),30
KPKSEYELS-A,(\*AVAILABLE IN JAN) KATSEYE OFFICIAL LIGHT STICK,30
APLBP04-M10,RETINOL VITAMIN C VITAMIN E SHEET MASK 10 PCS,30
WelS07-HOK,Real Hyaluronic one day kit,30
APLBS09-A,AZELAIC ACID PEPTIDE AMPOULE SERUM 40ml,30
BentonHS28-HP,GLYCINE PROTEIN DEEP CONDITIONING HAIR MASK 220ml,30
BentonS14-M,GUAVA MOISTURE COLLAGEN FACIAL MIST 100ml,30
CTS01-CC,Madeca Mela Capture Ampoule Capsule Cream 55ml,30
CTS14-GA,Gutathione Toning Boosting Ampoule 30ml,30
DVS01-Cc,Dr.VITA Premium Vita C Cream,30
GRAHS04-S,Hair Lifting Shot 150ml,30
NLS05-ASET,A-Control Mini Kit,30
S1004S01-CCSs,Madagascar Centella Soothing Cream 30ml,30
cosP90-M,(3EA) 5 PDRN Hyaluronic Acid Vital Hydrating Hydrogel Mask,30
KP8804775458613WFC-A,(whosfan cafe\_LD) P1Harmony - 9th mini album \[UNIQUE\] (Photobook Ver.) (3 TYPES Random),30
BentonS01-SR,Snail Bee Ultimate Serum plus 35ml,30
KAJCM19-SSET,SWEET SEOULMATES,30
KP8800360899649WS-A,(weverseshop) TWS - 5th Mini Album 'NO TRAGEDY' (COMPACT Ver.) (HUSH) (6 TYPES Random),30
DRMS07-NA,NECKSPHALT ECM CERAMIDE NECK SERUM 1.5ml\*10ea,28
AXS05-CC,Cera- Heart My Type Duo Cream 60ml,27
KPBNDOLS-A,BOYNEXTDOOR OFFICIAL LIGHT STICK,26
SPUS04-Ar,(Renew) Spicuraxel Ampoule 30m,25
SPUS04-Tr,(Renewl) Shavik Glacier Toner 200ml,25
KP8809949675735-A,ENHYPEN - \[ENHYPEN WORLD COUPON CARD COLLECTION\] PAJAMA PARTY (SPECIAL ver.),25
KP8800360897478WMLD-A,(withmuu\_LD) \&TEAM 3rd EP 'We on Fire' LIMITED EDITION,25
KP8809888411234JU-A,(Jump Up) XLOV - 1st mini album \[UXLXVE\] (2 TYPES Random),24
NGC36-PG,Green Tea Moist PHA Gauze Peeling 190ml / 30EA,24
NGC36-PW,Wine Lift PHA Gauze Peeling 190ml / 30EA,24
VTS21-Cv,REEDLE SHOT VITA-LIGHT CREAM 50ml,24
KP8803581204049SW-A,(soundwave) ATEEZ - 13th mini album \[GOLDEN HOUR : Part.4\] (DIGIPACK VER.) (8 TYPES Random),24
KP58501544-A,Stray Kids - 2nd Album \[NOEASY\] (Jewel Ver.) (Random Ver.),24
KP8809954224843-A,Stray Kids - SKZ IT TAPE 'DO IT' (ACCORDION VER.) (8 TYPES Random),24
KP8809954227875-A,Stray Kids - 4th Full Album \[KARMA\] (ACCORDION VER.) (8 TYPES Random),24
KP8809954228483-A,Stray Kids - SKZHOP HIPTAPE ‘合 (HOP)’ (ACCORDION VER.) (8 TYPES Random),24
HETPA03-CDFP,Premium Car Diffuser (Flower Park) 77ml\*2ea,24
ECM04-Cherryr,Dear Darling Water Tint \#02 2021,24
KP8800344689570WSLD-A,(weverseshop\_LD) BTS - \[ARIRANG\] (2 TYPES Random),21
KP8800360899489WMLD2-A,(withmuu\_2nd LD) \&TEAM 3rd EP 'We on Fire' SOLO EDITION (9 TYPES Random),21
SFC22-COILRRR,(Renew) Black Sugar Perfect Cleansing Oil 200ml,20
SFC22-FRRR,(Renew) Black Sugar Perfect Scrub Foam 180ml,20
BentonC10-GR,Centella Cica Gel 100g,20
HOHCM04-CB03,Moist Ampoule Blusher \#Rose Brown 20ml,20
HOHCM04-CB06,Moist Ampoule Blusher \#Cherry Blossom 20ml,20
TIRM23-CU22N,MASK FIT RED CUSHION 22N SHELL BEIGE,20
SNPP91-MAr,\[10ea\] Prep Peptaronic Ampoule Mask 10pcs\*25ml (2023),20
FruBS06-HNCH,My Orchard Cherry Hand Cream,20
FruBS06-HNS,My Orchard Shea Butter Hand Cream,20
KP8800333161445-A,ATEEZ - OFFICIAL MD \[ANITEEZ IN THE CALLING\] WINDBREAKER JACKET,20
JLMBS02-HNWS,PERFUME HAND CREAM WHITE SOAP MUSK 30ml,20
KP58500915-A1,BTS - SPECIAL ALBUM \[BE\] (DELUXE EDITION),20
KP8804775458668-A,AHOF - 2nd mini album \[The Passage\] (PHOTOBOOK Ver.) (2 TYPES Random),20
KP8809704434027MS-A,(MS) XG - 1st Full Album (XG ver.),20
KP8809704434102MS-A,(MAKESTAR) XG - 1st Full Album (Regular ver.),20
KP8809888411173-A,XLOV - 2nd Single Album \[I ONE\] (2 TYPES Random),20
KP8809954224386-A,TWICE - SPECIAL ALBUM \[TEN: The Story Goes On\] (EPISODE Ver.),20
BYS01-C,Gooseberry Juicy Glow-up Gel Cream 55ml,20
BYS01-I,Gooseberry Dark circle Brightening Eye cream 30ml,20
BYS01-S,Gooseberry Dark Spot Brightening Serum 30ml,20
BYS01-T,Gooseberry Juicy Brightening Boost Toner 150ml,20
BYS02-A,Vinoberry Bakuchi-oil™ Firming Ampoule 30ml,20
BYS02-Cf,Vinoberry Moisture Firming Cream 55ml,20
WelS01-RT,Real Hyaluronic Toner 200ml,20
BentonHS23-B,Scalp Brush Massager,20
DEBBS05-BOR,Intensive Barrier Moisture Oil 135ml,20
FruBS06-HNCT,My Orchard Cactus Hand Cream,20
FruBS06-HNP,My Orchard Peach Hand Cream,20
FSS12-LipR,(Renew) REAL COLLAGEN ESSENTIAL LIP BALM 10ml,20
JLMHS01-SFB,PERFUME GLOW MILK HAIR ESSENCE FULL BLOOM 80ml,20
JLMHS01-SSP,PERFUME GLOW MILK HAIR ESSENCE SUNSET FREESIA 80ml,20
JLMHS01-SWM,JULYME PERFUME GLOW MILK HAIR ESSENCE WOODY\&MUSK 80ml,20
KP8809704422031WF-A,(whosfan) ATEEZ - 7th Mini Album \[ZERO : FEVER Part.3\] (Random 3 TYPE),20
PCS02-AP,(PINK EDITION) 24/7 COLOSTRUM PORE DEFENCE AMPOULE 55ml,20
PYS13-M,Get Ready Quick Clear Mist 15ml,20
RVTS06-VS,Vita Dark Spot Serum 30ml,20
MIDC02-F,Rice Bran Scrub Foam 150ml,20
KPMEOVVLS-A,MEOVV OFFICIAL LIGHT STICK,20
KPKFLLS-A,KickFlip OFFICIAL LIGHT STICK,20
HLSS04-S50,Snail Mucin 95 + Peptide Essence 50ml,20
KP8800339452967-A,ATEEZ - \[MIGHTEEZ Wonder Room Pop-up\] RANDOM TRADING CARD (2EA),20
KP8800360899496WMLD-A,(withmuu\_LD) \&TEAM 3rd EP 'We on Fire' STANDARD EDITION,20
KP8800365019417-A,"AKMU - 4st Full Album ""FLOWERING""",20
KAIS03-S,Rosemary AHA Night Serum 30ml,20
KP8800365015044-A,CORTIS - The 2nd EP \[GREENGREEN\] (Dice ver.),20
KP8809704435093OY-A,(OLIVE YOUNG) ILLIT - The 4th mini album \[MAMIHLAPINATAPAI\] (PAW PAW ver.) (5 TYPES Random),20
BentonS01-ContentlotionR,SNAIL BEE HIGH CONTENT LOTION 120ml,20
GFNHS07-WXS75,SAFE WAX 75ml,20
DEBBS12-BOR,\[R\] CeraMD Repair Oil 200ml,20
MAFS02-TR,Safe me Relief essence toner 200ml,18
KAJCM1-MB,BEAUTY BENTO 17 MAUVE BOUQUET,18
cosS58-C0.3,The Retinol 0.3 Cream 20ml,17
KP8800360899496WMLD2-A,(withmuu\_2nd LD) \&TEAM 3rd EP 'We on Fire' STANDARD EDITION,17
VTS21-S300s,300 REEDLE SHOT (2ml\*10ea),16
KP8809755505608-A,Stray Kids - 8TH MINI ALBUM \[樂-STAR\] (HEADLINER Ver.),16
KP8800365019684YES-A,(yes24) LE SSERAFIM - 2nd Studio Album ‘PUREFLOW’ pt.1 (4 TYPES Random),16
KDHS01-Sample4,(30EA) KUNDAL SHAMPOO/TREATMENT AMBER VANILLA SACHET 10ML,16
KP8800333161438-A,ATEEZ - OFFICIAL MD \[ANITEEZ IN THE CALLING\] HOODIE,15
MMCM15-B2,Mary\&May Blooming Glow Lip 02 Ruby Blossom 1.7g,15
MMCM15-B3,Mary\&May Blooming Glow Lip 03 Rosy Dew 1.7g,15
MMCM15-B4,Mary\&May Blooming Glow Lip 04 Cool Red Tulip 1.7g,15
MMCM15-B5,Mary\&May Blooming Glow Lip 05 Deep Moor Lily 1.7g,15
MMCM15-B6,Mary\&May Blooming Glow Lip 06 Coconut Daisy 1.7g,15
MMCM15-B7,Mary\&May Blooming Glow Lip 07 Lilac Dream 1.7g,15
MMCM15-B8,Mary\&May Blooming Glow Lip 08 Mauve Pansy 1.7g,15
MMCM15-B9,Mary\&May Blooming Glow Lip 09 Sunset Tangerine 1.7g,15
DMYCM03-IB01,The Chic EYEBROW PENCIL 01 Ash Gray,15
DMYCM03-IB02,The Chic EYEBROW PENCIL 02 Mocha Brown,15
DMYCM03-IB03,The Chic EYEBROW PENCIL 03 Choco Brown,15
DMYCM03-IB04,The Chic EYEBROW PENCIL 04 Rich Brown,15
BIACM04-LL02,L'EAU TINT 02 FLEUR L'EAU,15
BIACM04-LL03,L'EAU TINT 03 LILAC L'EAU,15
BIACM04-LL04,L'EAU TINT 04 MAGNOLIA L'EAU,15
YNMCMCG-L,Y.N.M CANDY GLOSS BALM 01 CORAL MOMENT,15
YNMCMCG-LCO,Y.N.M CANDY GLOSS BALM 06 COCONUT SHELL,15
YNMCMCG-LP,Y.N.M CANDY GLOSS BALM 02 PINK SUNSET,15
YNMCMCG-LPE,Y.N.M CANDY GLOSS BALM 04 PEONY BERRY,15
YNMCMGH-LL,Y.N.M CANDY HONEY LIP BALM PK001 LIGHT PINK,15
YNMCMGH-LO,Y.N.M CANDY HONEY LIP BALM OR101 ORANG RED,15
YNMCMGH-LR,Y.N.M RAINBOW HONEY LIP BALM,15
YNMCMGH-LU,Y.N.M UNICORN HONEY LIP BALM,15
YNMCMHJ-LCH,Y.N.M HEART JELLING TINT 04 CHESTNUT JELLING,15
YNMCMHJ-LP,Y.N.M HEART JELLING TINT 03 PAPAYA JELLING,15
YNMCMHV-L,Y.N.M HEART VEIL TINT 01 SALTY VEIL,15
YNMCMHV-LR,Y.N.M HEART VEIL TINT 03 ROSE VEIL,15
BIACM04-LL01,L'EAU TINT 01 GARDENIA L'EAU,15
LAKCM10-LG08,Fruity Lip Glotioner \#708Buffy,15
LAKCM10-LG10,Fruity Lip Glotioner \#710Cherish,15
LAKCM10-LGT101,Fruity Glam Tint \#101 Joyful,15
LAKCM10-LGT102,Fruity Glam Tint \#102 Dewy,15
LAKCM10-LGT103,Fruity Glam Tint \#103 Humming,15
LAKCM10-LGT104,Fruity Glam Tint \#104 Cherry,15
LAKCM10-LGT105,Fruity Glam Tint \#105 Cold,15
LAKCM10-LGT106,Fruity Glam Tint \#106 Juicy,15
LAKCM10-LGT108,Fruity Glam Tint \#107 Sugar,15
LAKCM10-LGT109,Fruity Glam Tint \#108 Salty,15
LAKCM10-LGT110,Fruity Glam Tint \#109 Fresh,15
LAKCM10-LGT111,Fruity Glam Tint \#111 Mellow,15
LAKCM10-LGT112,Fruity Glam Tint \#112 Ping-Pong,15
LAKCM10-LGT113,Fruity Glam Tint \#113 Pleasure,15
LAKCM10-LGT114,Fruity Glam Tint \#114 Harmony,15
LAKCM10-LGT115,Fruity Glam Tint \#115 Envy,15
LAKCM10-LGT116,Fruity Glam Tint \#116 Candid,15
LAKCM10-LGT117,Fruity Glam Tint \#117 Zetta,15
LAKCM10-LGT118,Fruity Glam Tint \#118 Adore,15
LAKCM10-LGT119,Fruity Glam Tint \#119 Dreaming,15
LAKCM10-LGT120,Fruity Glam Tint \#120 Caffeine Rose,15
LAKCM10-LGT121,Fruity Glam Tint \#121 Ash Nut,15
LAKCM10-LGT122,Fruity Glam Tint \#122 Rosy Rose,15
LAKCM10-LGT123,Fruity Glam Tint \#123 Unsweet Berry,15
APLBP07-M10,TRANEXAMIC ACID NIACINAMIDE SHEET MASK 10 PCS,15
GRAHS02-TT,Hair Lifting Water conditioner 270ml,15
PYS12-SETC,Calming Line Gift Set (Toner 150ml + Serum 30ml + Cream 50ml),15
KP8809704435086OY-A,(OLIVE YOUNG) ILLIT - The 4th mini album \[MAMIHLAPINATAPAI\] (GRWM Ver. / IT’S ME Ver. / FREE RIDER Ver.) (3 types random),15
KP8809381233128ALD-A,(ALADIN) MINGI (ATEEZ) - \[FIX OFF Desire Project : ORIGIN\] (Vinyl),15
MAFC02-OCr,Safe me Relief moisture cleansing oil 210ml,14
KP8800344689570WMLD-A,(withmuu\_Lucky Draw) BTS - \[ARIRANG\] (2 TYPES Random),14
KSCC01-FEU,(GLOBAL) Cleansing Foam : Pine Cica 1% + Probiotics 150ml,12
VTS04-SA,VT CICA RETI-A ESSENCE 0.1 30ml,12
KP8809888411944DMM-A,"(DEAR MY MUSE) XLOV - 2nd mini album \[I,God\] (4 TYPES Random)",12
KAJCM16-HD,GLOSS SHOT 03 Honey Drizzle,12
TIRCM29-LG07,WATERISM GLOW TINT 07 CASSIS PLUM 4g,10
NGS21-T,Dermalogy Real Ferment Micro Toner 150ml,10
HNCM11-LC13,RAW GLOW DEWY BALL 13 SODA DEW,10
KP8800333160158-A,ATEEZ - OFFICIAL MD \[ANITEEZ IN THE CALLING\] TINY ANITEEZ PLUSH DOLL - JJOONGrami,10
KP8800333160165-A,ATEEZ - OFFICIAL MD \[ANITEEZ IN THE CALLING\] TINY ANITEEZ PLUSH DOLL - DDEONGbyeoli,10
KP8800333160172-A,ATEEZ - OFFICIAL MD \[ANITEEZ IN THE CALLING\] TINY ANITEEZ PLUSH DOLL - TYUdeongi,10
KP8800333160196-A,ATEEZ - OFFICIAL MD \[ANITEEZ IN THE CALLING\] TINY ANITEEZ PLUSH DOLL - SANdeoki,10
KP8800333160202-A,ATEEZ - OFFICIAL MD \[ANITEEZ IN THE CALLING\] TINY ANITEEZ PLUSH DOLL - bbyongMING,10
KP8800333160219-A,ATEEZ - OFFICIAL MD \[ANITEEZ IN THE CALLING\] TINY ANITEEZ PLUSH DOLL - WOOYOnyang,10
KP8800333160646-A,ATEEZ - OFFICIAL MD \[ANITEEZ IN THE CALLING\] REEL PASS CASE,10
KP8800333160745-A,ATEEZ - OFFICIAL MD \[ANITEEZ IN THE CALLING\] THE CALLING ANITEEZ PLUSH KEYRING - JJOONGrami,10
KP8800333160752-A,ATEEZ - OFFICIAL MD \[ANITEEZ IN THE CALLING\] THE CALLING ANITEEZ PLUSH KEYRING - DDEONGbyeoli,10
KP8800333160769-A,ATEEZ - OFFICIAL MD \[ANITEEZ IN THE CALLING\] THE CALLING ANITEEZ PLUSH KEYRING - TYUdeongi,10
KP8800333160783-A,ATEEZ - OFFICIAL MD \[ANITEEZ IN THE CALLING\] THE CALLING ANITEEZ PLUSH KEYRING - SANdeoki,10
KP8800333160790-A,ATEEZ - OFFICIAL MD \[ANITEEZ IN THE CALLING\] THE CALLING ANITEEZ PLUSH KEYRING - bbyongMING,10
KP8800333160806-A,ATEEZ - OFFICIAL MD \[ANITEEZ IN THE CALLING\] THE CALLING ANITEEZ PLUSH KEYRING - WOOYOnyang,10
KP8800333160820-A,ATEEZ - OFFICIAL MD \[ANITEEZ IN THE CALLING\] PVC DOLL POUCH,10
KP8800333161452-A,ATEEZ - OFFICIAL MD \[ANITEEZ IN THE CALLING\] REVERSIBLE BUCKET HAT,10
KP8800333161469-A,ATEEZ - OFFICIAL MD \[ANITEEZ IN THE CALLING\] BANDANA - BLACK,10
KP8800333161476-A,ATEEZ - OFFICIAL MD \[ANITEEZ IN THE CALLING\] BANDANA - RED,10
KP8800333161483-A,ATEEZ - OFFICIAL MD \[ANITEEZ IN THE CALLING\] PVC POCKET SHOULDER BAG,10
KP8800333161582-A,ATEEZ - OFFICIAL MD \[ANITEEZ IN THE CALLING\] CARRY-ON BAG,10
KP8800333161599-A,ATEEZ - OFFICIAL MD \[ANITEEZ IN THE CALLING\] TRAVEL POUCH,10
MELCM01-L05,Vegan Lip Butter \#05 Dewy Rose,10
MELCM01-L06,Vegan Lip Butter \#06 Rust Red,10
KP8809704434034MS-A,(MAKESTAR) XG - 1st Full Album (Solo ver.) (JURIN),10
KP8809704434041MS-A,(MAKESTAR) XG - 1st Full Album (Solo ver.) (CHISA),10
KP8809704434058MS-A,(MAKESTAR) XG - 1st Full Album (Solo ver.) (HINATA),10
KP8809704434065MS-A,(MAKESTAR) XG - 1st Full Album (Solo ver.) (HARVEY),10
KP8809704434072MS-A,(MAKESTAR) XG - 1st Full Album (Solo ver.) (JURIA),10
KP8809704434089MS-A,(MAKESTAR) XG - 1st Full Album (Solo ver.) (MAYA),10
KP8809704434096MS-A,(MAKESTAR) XG - 1st Full Album (Solo ver.) (COCONA),10
IDCHS07-HCD,TAP SECRET DUO,10
FTBS01-HNA,HAND AIR The citrus 30ml,10
FTBS01-HNB,HAND LOTION The bath 30ml,10
FTBS01-HNSET01,HAND CARE TRIO SET (AIR / LOTION / CREAM),10
FTBS01-HNV,HAND CREAM The vanilla 30ml,10
ALT04-B07,Lip Potion Balmy Rose 07 Tea Rose,10
ECM90-LG04,Glow Fixing Tint \#4 C.Red 3.8g,10
HNCM01-W001,MOOD ENHANCER WATER LIQUID GLOW W001 NEW ALLURE 4ml,10
HNM05-CUM21,SECOND SKIN MESH MATTE CUSHION 21 IVORY 12g,10
KP8800355490127-A,ATEEZ - REPACKAGE \[TREASURE EP 2 : Zero To One\] (Platform ver.),10
KP8800355490134-A,ATEEZ - REPACKAGE \[TREASURE EP.3 : One To All\] (Platform ver.) (2 TYPES RANDOM),10
KP8800355490141-A,ATEEZ - REPACKAGE \[TREASURE EP.FIN : All To Action\] (Platform ver.) (2 TYPES RANDOM),10
KP8800355490158-A,ATEEZ - REPACKAGE \[TREASURE EPILOGUE : Action To Answer\] (Platform ver.) (2 TYPES RANDOM),10
KP8800355490165-A,ATEEZ - REPACKAGE \[ZERO : FEVER Part. 1\] (Platform ver.) (3 TYPES RANDOM),10
KP8800355490172-A,ATEEZ - REPACKAGE \[ZERO : FEVER Part. 2\] (Platform ver.) (3 TYPES RANDOM),10
KP8800355490189-A,ATEEZ - REPACKAGE \[ZERO : FEVER Part. 3\] (Platform ver.) (3 TYPES RANDOM),10
KP8800355490196-A,ATEEZ - REPACKAGE \[ZERO : FEVER EPILOGUE\] (Platform ver.) (3 TYPES RANDOM),10
KPBNDMDCS-A4,BOYNEXTDOOR - OFFICIAL MD \[BBNEXDO\] Cushion (HAN TATPUNG),10
PeriPCM53-L14US,PERIPERA INK MOOD GLOWY TINT 14 FOLLOW ROSE,10
KP8809381233128-A,MINGI (ATEEZ) - \[FIX OFF Desire Project : ORIGIN\] (Vinyl),10
KP8809381233128YES-A,(yes24) MINGI (ATEEZ) - \[FIX OFF Desire Project : ORIGIN\] (Vinyl),10
HOHCM04-CB09,Moist Ampoule Blusher 09 Ruby Red 20ml,10
SNPS91-T320r,Prep Peptaronic Toner 320ml (2023),8
HNM05-CU23,SECOND SKIN GLOW CUSHION 23 SAND 12g,8
KP58701561-A1,BTS - BEST ALBUM \[Proof\] (STANDARD EDITION),8
KP8804775473210MS-A,(MAKESTAR) 82MAJOR - 5TH MINI ALBUM \[FEELM\] (POCAALBUM ver.),8
KP8804775473203WF-A,(whosfan) 82MAJOR - 5TH MINI ALBUM \[FEELM\] (PHOTOBOOK ver.),8
KP8804775473227WF-A,(whosfan) 82MAJOR - 5TH MINI ALBUM \[FEELM\] (KEYRING ver.),8
KPBNDMDLC-A6,BOYNEXTDOOR - OFFICIAL MD \[BBNEXDO\] Official Light Stick Cover (WOONBABAY),8
KP8800344689587WS-A,(weverseshop) BTS - \[ARIRANG\] (Living Legend Ver.),7
KP8800344689594SW-A,(soundwave) BTS - \[ARIRANG\] (Weverse Albums ver.),7
KP8800344689594WS-A,(weverseshop) BTS - \[ARIRANG\] (Weverse Albums ver.),7
KP8800344689587WSLD-A,(weverseshop\_LD) BTS - \[ARIRANG\] (Living Legend Ver.),7
KPBBNDCTCS-A5,BOYNEXTDOOR - \[BBNEXDO is coming to towm\] Cushion (312),6
KPBNDMDCS-A1,BOYNEXTDOOR - OFFICIAL MD \[BBNEXDO\] Cushion (CATBBI),6
KPBNDMDCS-A3,BOYNEXTDOOR - OFFICIAL MD \[BBNEXDO\] Cushion (MYNGMYNG),6
KPBNDMDCS-A5,BOYNEXTDOOR - OFFICIAL MD \[BBNEXDO\] Cushion (312),6
KPBNDMDP-A6,BOYNEXTDOOR - OFFICIAL MD \[BBNEXDO\] Pouch (WOONBABY),6
KP8800339140475MP-A,(MUSICPLANT) SEVENTEEN WORLD TOUR \[NEW\_\] (Digital Code),6
KP8804775467929MSLD-A,(MAKESTAR\_Lucky Draw) NCT WISH - 1st Full Album \[Ode to Love\] (SMini Ver.) (6 TYPES Random),6
KP8804775469831MP-A,(MUSICPLANT) aespa - 2nd Full Album \[LEMONADE\] (LEMONADE Ver.) (2 types random),6
KP8804775469848WM-A,(withmuu) aespa - 2nd Full Album \[LEMONADE\] (ACID Ver.)(4 types random),6
KP8804775469855MP-A,(MUSICPLANT) aespa - 2nd Full Album \[LEMONADE\] (P.O.S Ver.),6
KP8804775469862MP-A,(MUSICPLANT) aespa - 2nd Full Album \[LEMONADE\] (MUTANT Ver.)(4 types random),6
HOHCM04-CB05,Moist Ampoule Blusher \#Peach Coral 20ml,5
KP8800331305346MP-A,(MUSICPLANT) TWICE 2026 SEASON'S GREETINGS \[RED WHISPERS\],5
KP8800333160189-A,ATEEZ - OFFICIAL MD \[ANITEEZ IN THE CALLING\] TINY ANITEEZ PLUSH DOLL - HETmongi,5
KP8800333160226-A,ATEEZ - OFFICIAL MD \[ANITEEZ IN THE CALLING\] TINY ANITEEZ PLUSH DOLL - JJONGbear,5
KP8800333160776-A,ATEEZ - OFFICIAL MD \[ANITEEZ IN THE CALLING\] THE CALLING ANITEEZ PLUSH KEYRING - HETmongi,5
KP8800333160813-A,ATEEZ - OFFICIAL MD \[ANITEEZ IN THE CALLING\] THE CALLING ANITEEZ PLUSH KEYRING - JJONGbear,5
MMCBS03-BMBS,Cool Deo Mist Bombshell 50ml,5
MMCBS03-BMGM,Cool Deo Mist God Milk 50ml,5
MMCBS03-BMPB,Cool Deo Mist Peach Blush 50ml,5
SKYHS09-SN,DAMAGE CARE PERFUMED SILKY HAIR SPRAY NAKED PEAR 100ML,5
SKYHS09-SNE,DEEP MOISTURE PERFUMED SILKY HAIR SPRAY LIKE A NECTARINE 100ML,5
SKYHS09-SNNF,GLOW ANGELING PERFUMED HAIR SERUM NAKED PEAR 65ML,5
SKYHS09-SNNN,DEEP MOISTURE PERFUMED HAIR SERUM LIKE A NECTARINE 65ML,5
SKYHS09-TTN,DAMAGE CARE PERFUMED NO WASH TREATMENT NAKED PEAR 100ML,5
SKYHS09-TTNT,DEEP MOISTURE PERFUMED NO WASH TREATMENT LIKE A NECTARINE 100ML,5
MMETC-ECP,PDRN 2종 Eye Cream Display,5
KP8809949676091-A,ENHYPEN - \[ENHYPEN WORLD COUPON CARD COLLECTION\] CAMPUS LIFE SPECIAL ver.,5
KP8809949676107-A,ENHYPEN - \[ENHYPEN WORLD COUPON CARD COLLECTION\] CAMPUS LIFE BASIC ver.,5
KP8809949676114-A,ENHYPEN - \[ENHYPEN WORLD COUPON CARD COLLECTION\] CAMPUS LIFE GIFT ver.,5
KPBBNDCTCS-A2,BOYNEXTDOOR - \[BBNEXDO is coming to towm\] Cushion (DALRING),5
KPBBNDCTCS-A6,BOYNEXTDOOR - \[BBNEXDO is coming to towm\] Cushion (WOONBABY),5
KPBNDMDCS-A2,BOYNEXTDOOR - OFFICIAL MD \[BBNEXDO\] Cushion (DARLING),5
KPBNDMDCS-A6,BOYNEXTDOOR - OFFICIAL MD \[BBNEXDO\] Cushion (WOONBABY),5
KPBNDMDLST-A,BOYNEXTDOOR - OFFICIAL MD \[BBNEXDO\] Official Light Stick Strap & Parts Set,5
EA08-VMD,EITHER AND VMD,5
MAFS05-S,End Pore Vegetinol Serum 50ml,4
VTP04-SM30,(30EA) VT CICA DAILY SOOTHING MASK,4
KP8804775465567-A,xikers - 7th Mini Album \[ROUTE ZERO : The ORA\] (2 types random),4
KP8804775465574-A,xikers - 7th Mini Album \[ROUTE ZERO : The ORA\] (Special ver.),4
KP8804775465581-A,xikers - 7th Mini Album \[ROUTE ZERO : The ORA\] (POCAALBUM),4
KP8809954225932WM-A,(withmuu) NMIXX - The 5th EP \[Heavy Serenade\] (Platform Album POCAALBUM Ver.) (6 types random),4
KP8809954226274-A,ITZY - \[Motto\] (PHOTOBOOK Ver.) (3 TYPES Random),4
KP8809954226281-A,ITZY - \[Motto\] (MEMBER Ver.) (5 TYPES Random),4
KP8809954226311-A,ITZY - \[Motto\] (POCAALBUM Ver.) (2 TYPES Random),4
KPBBNDCTCT-A,BOYNEXTDOOR - \[BBNEXDO is coming to towm\] Costume (Tree),4
KPBNDMDLC-A2,BOYNEXTDOOR - OFFICIAL MD \[BBNEXDO\] Official Light Stick Cover (DARLING),4
KPBNDMDLC-A5,BOYNEXTDOOR - OFFICIAL MD \[BBNEXDO\] Official Light Stick Cover (312),4
KPBNDMDP-A1,BOYNEXTDOOR - OFFICIAL MD \[BBNEXDO\] Pouch (CATBBI),4
KPBNDMDP-A2,BOYNEXTDOOR - OFFICIAL MD \[BBNEXDO\] Pouch (DARLING),4
KP8800339140475-A,SEVENTEEN WORLD TOUR \[NEW\_\] (Digital Code),4
KP8809954225918WM-A,(withmuu) NMIXX - The 5th EP \[Heavy Serenade\] (2 types random),4
KP8804775465567AP-A,(applemusic) xikers - 7th Mini Album \[ROUTE ZERO : The ORA\] (2 types random),4
KP8804775465567YES-A,(yes24) xikers - 7th Mini Album \[ROUTE ZERO : The ORA\] (2 types random),4
KP8809954225918MS-A,(MAKESTAR) NMIXX - The 5th EP \[Heavy Serenade\] (2 types random),4
KP8809954225000MP-A,(MUSICPLANT) ENHYPEN 2026 SEASON'S GREETINGS,3
KP8809954225000WS-A,(weverseshop) ENHYPEN 2026 SEASON'S GREETINGS,3
MMETC-MD,Mask VMD (5 sku),3
KP8809954226458-A,LUCY - 2nd Full Album \[Childish\],3
KPBNDMDLC-A1,BOYNEXTDOOR - OFFICIAL MD \[BBNEXDO\] Official Light Stick Cover (CATBBI),3
KPBNDMDLC-A4,BOYNEXTDOOR - OFFICIAL MD \[BBNEXDO\] Official Light Stick Cover (HAN TATPUNG),3
KP8804775465574AP-A,(applemusic) xikers - 7th Mini Album \[ROUTE ZERO : The ORA\] (Special ver.),3
IFrom16-vmd,im from vmd,3
CNPSM34-SC,(OTC) Milky Light Sunscreen Broad Spectrum SPF 50 50ml,2
KPBBNDCTSS-A,BOYNEXTDOOR - \[BBNEXDO is coming to towm\] Sticker Set,2
KPBNDNGMDCS-A,BOYNEXTDOOR - OFFICIAL MD \[No Genre POP-UP\] CHARACTER STICKER,2
KP8809954225130WS-A,(weverseshop) BOYNEXTDOOR - BOYNEXTDOOR 2026 SEASON’S GREETINGS,1
